,,,Ngày, MG95 
,,#NAME?,??n v? tính,USD/bbl
,,,5/1/2008,
,,,5/2/2008, 115.10 
,,,5/5/2008, 120.11 
,,,5/6/2008, 123.69 
,,,5/7/2008, 126.02 
,,,5/8/2008, 126.92 
,,,5/9/2008, 129.04 
,,,5/12/2008, 131.43 
,,,5/13/2008, 129.33 
,,,5/14/2008, 130.67 
,,,5/15/2008, 130.25 
,,,5/16/2008, 130.59 
,,,5/19/2008,
,,,5/20/2008, 132.20 
,,,5/21/2008, 135.55 
,,,5/22/2008, 140.55 
,,,5/23/2008, 137.45 
,,,5/26/2008, 138.39 
,,,5/27/2008, 138.95 
,,,5/28/2008, 133.95 
,,,5/29/2008, 137.20 
,,,5/30/2008, 135.27 
,,,6/2/2008, 136.64 
,,,6/3/2008, 138.28 
,,,6/4/2008, 136.46 
,,,6/5/2008, 133.37 
,,,6/6/2008, 137.31 
,,,6/9/2008, 146.14 
,,,6/10/2008, 140.28 
,,,6/11/2008, 139.43 
,,,6/12/2008, 141.72 
,,,6/13/2008, 143.29 
,,,6/16/2008, 139.85 
,,,6/17/2008, 140.11 
,,,6/18/2008, 139.30 
,,,6/19/2008, 141.97 
,,,6/20/2008, 137.81 
,,,6/23/2008, 141.11 
,,,6/24/2008, 141.31 
,,,6/25/2008, 141.34 
,,,6/26/2008, 138.24 
,,,6/27/2008, 145.94 
,,,6/30/2008, 146.39 
,,,7/1/2008, 145.32 
,,,7/2/2008, 144.49 
,,,7/3/2008, 147.51 
,,,7/4/2008, 147.79 
,,,7/7/2008, 145.39 
,,,7/8/2008, 143.55 
,,,7/9/2008, 140.14 
,,,7/10/2008, 138.76 
,,,7/11/2008, 145.31 
,,,7/14/2008, 144.08 
,,,7/15/2008, 144.12 
,,,7/16/2008, 137.72 
,,,7/17/2008, 133.67 
,,,7/18/2008, 130.04 
,,,7/21/2008, 129.62 
,,,7/22/2008, 130.67 
,,,7/23/2008, 124.87 
,,,7/24/2008, 122.01 
,,,7/25/2008, 123.77 
,,,7/28/2008, 122.43 
,,,7/29/2008, 124.45 
,,,7/30/2008, 121.25 
,,,7/31/2008, 124.32 
,,,8/1/2008, 121.38 
,,,8/4/2008, 123.29 
,,,8/5/2008, 118.02 
,,,8/6/2008, 117.49 
,,,8/7/2008, 116.74 
,,,8/8/2008, 116.43 
,,,8/11/2008, 114.99 
,,,8/12/2008, 111.90 
,,,8/13/2008, 112.68 
,,,8/14/2008, 116.87 
,,,8/15/2008, 112.33 
,,,8/18/2008, 112.71 
,,,8/19/2008, 110.36 
,,,8/20/2008, 112.57 
,,,8/21/2008, 114.07 
,,,8/22/2008, 117.96 
,,,8/25/2008, 113.03 
,,,8/26/2008, 112.59 
,,,8/27/2008, 114.75 
,,,8/28/2008, 118.11 
,,,8/29/2008, 117.11 
,,,9/1/2008, 118.65 
,,,9/2/2008, 107.06 
,,,9/3/2008, 108.57 
,,,9/4/2008, 110.59 
,,,9/5/2008, 107.27 
,,,9/8/2008, 109.42 
,,,9/9/2008, 108.21 
,,,9/10/2008, 107.42 
,,,9/11/2008, 106.60 
,,,9/12/2008, 109.57 
,,,9/15/2008, 105.40 
,,,9/16/2008, 99.76 
,,,9/17/2008, 99.71 
,,,9/18/2008, 99.64 
,,,9/19/2008, 102.75 
,,,9/22/2008, 108.09 
,,,9/23/2008, 111.56 
,,,9/24/2008, 111.72 
,,,9/25/2008, 108.75 
,,,9/26/2008, 108.85 
,,,9/29/2008, 106.83 
,,,9/30/2008, 99.76 
,,,10/1/2008,
,,,10/2/2008, 101.32 
,,,10/3/2008, 97.93 
,,,10/6/2008, 93.53 
,,,10/7/2008, 92.71 
,,,10/8/2008, 89.18 
,,,10/9/2008, 91.18 
,,,10/10/2008, 88.65 
,,,10/13/2008, 86.55 
,,,10/14/2008, 88.63 
,,,10/15/2008, 84.24 
,,,10/16/2008, 77.40 
,,,10/17/2008, 74.92 
,,,10/20/2008, 75.88 
,,,10/21/2008, 74.29 
,,,10/22/2008, 69.72 
,,,10/23/2008, 66.97 
,,,10/24/2008, 64.17 
,,,10/27/2008,
,,,10/28/2008, 62.32 
,,,10/29/2008, 63.02 
,,,10/30/2008, 67.46 
,,,10/31/2008, 59.47 
,,,11/3/2008, 62.02 
,,,11/4/2008, 55.92 
,,,11/5/2008, 59.92 
,,,11/6/2008, 56.04 
,,,11/7/2008, 53.75 
,,,11/10/2008, 55.50 
,,,11/11/2008, 52.63 
,,,11/12/2008, 50.78 
,,,11/13/2008, 47.79 
,,,11/14/2008, 49.09 
,,,11/17/2008, 46.22 
,,,11/18/2008, 44.52 
,,,11/19/2008, 42.12 
,,,11/20/2008, 41.04 
,,,11/21/2008, 39.36 
,,,11/24/2008, 39.31 
,,,11/25/2008, 43.25 
,,,11/26/2008, 40.50 
,,,11/27/2008, 43.50 
,,,11/28/2008, 44.98 
,,,12/1/2008, 45.20 
,,,12/2/2008, 40.03 
,,,12/3/2008, 39.07 
,,,12/4/2008, 36.30 
,,,12/5/2008, 34.60 
,,,12/8/2008,
,,,12/9/2008, 36.68 
,,,12/10/2008, 37.45 
,,,12/11/2008, 39.13 
,,,12/12/2008, 42.85 
,,,12/15/2008, 44.87 
,,,12/16/2008, 44.34 
,,,12/17/2008, 46.17 
,,,12/18/2008, 46.61 
,,,12/19/2008, 45.71 
,,,12/22/2008, 45.52 
,,,12/23/2008, 40.15 
,,,12/24/2008, 38.96 
,,,12/29/2008, 38.87 
,,,12/30/2008, 39.36 
,,,12/31/2008, 39.19 
,,,1/2/2009, 44.91 
,,,1/5/2009, 47.42 
,,,1/6/2009, 50.33 
,,,1/7/2009, 50.83 
,,,1/8/2009, 46.10 
,,,1/9/2009, 47.60 
,,,1/12/2009, 47.15 
,,,1/13/2009, 47.58 
,,,1/14/2009, 51.19 
,,,1/15/2009, 53.34 
,,,1/16/2009, 55.66 
,,,1/19/2009, 54.59 
,,,1/20/2009, 53.69 
,,,1/21/2009, 55.05 
,,,1/22/2009, 58.84 
,,,1/23/2009, 57.14 
,,,1/26/2009,
,,,1/27/2009,
,,,1/28/2009, 55.95 
,,,1/29/2009, 56.36 
,,,1/30/2009, 58.59 
,,,2/2/2009, 59.59 
,,,2/3/2009, 57.52 
,,,2/4/2009, 57.64 
,,,2/5/2009, 58.34 
,,,2/6/2009, 59.39 
,,,2/9/2009, 58.75 
,,,2/10/2009, 59.62 
,,,2/11/2009, 60.69 
,,,2/12/2009, 62.36 
,,,2/13/2009, 65.34 
,,,2/16/2009, 63.93 
,,,2/17/2009, 61.15 
,,,2/18/2009, 55.02 
,,,2/19/2009, 54.46 
,,,2/20/2009, 54.68 
,,,2/23/2009, 55.07 
,,,2/24/2009, 53.01 
,,,2/25/2009, 52.78 
,,,2/26/2009, 54.43 
,,,2/27/2009, 55.55 
,,,3/2/2009, 52.94 
,,,3/3/2009, 48.66 
,,,3/4/2009, 51.50 
,,,3/5/2009, 52.87 
,,,3/6/2009, 50.49 
,,,3/9/2009, 51.59 
,,,3/10/2009, 49.69 
,,,3/11/2009, 46.99 
,,,3/12/2009, 47.00 
,,,3/13/2009, 52.21 
,,,3/16/2009, 50.65 
,,,3/17/2009, 53.30 
,,,3/18/2009, 56.62 
,,,3/19/2009, 57.36 
,,,3/20/2009, 57.86 
,,,3/23/2009, 58.21 
,,,3/24/2009, 59.18 
,,,3/25/2009, 59.60 
,,,3/26/2009, 61.11 
,,,3/27/2009, 60.40 
,,,3/30/2009, 57.75 
,,,3/31/2009, 56.34 
,,,4/1/2009, 57.19 
,,,4/2/2009, 57.45 
,,,4/3/2009, 60.04 
,,,4/6/2009, 63.14 
,,,4/7/2009, 61.73 
,,,4/8/2009, 60.40 
,,,4/9/2009, 63.07 
,,,4/13/2009, 63.90 
,,,4/14/2009, 63.04 
,,,4/15/2009, 64.30 
,,,4/16/2009, 63.92 
,,,4/17/2009, 63.56 
,,,4/20/2009, 64.11 
,,,4/21/2009, 61.40 
,,,4/22/2009, 60.90 
,,,4/23/2009, 59.05 
,,,4/24/2009, 58.13 
,,,4/27/2009, 56.31 
,,,4/28/2009, 54.79 
,,,4/29/2009, 55.97 
,,,4/30/2009, 57.34 
,,,5/1/2009,
,,,5/4/2009, 60.43 
,,,5/5/2009, 63.33 
,,,5/6/2009, 63.79 
,,,5/7/2009, 65.80 
,,,5/8/2009, 66.89 
,,,5/11/2009, 66.37 
,,,5/12/2009, 66.51 
,,,5/13/2009, 66.34 
,,,5/14/2009, 66.49 
,,,5/15/2009, 70.01 
,,,5/18/2009, 68.43 
,,,5/19/2009, 70.98 
,,,5/20/2009, 71.95 
,,,5/21/2009, 70.90 
,,,5/22/2009, 70.44 
,,,5/25/2009, 69.87 
,,,5/26/2009, 69.68 
,,,5/27/2009, 72.64 
,,,5/28/2009, 73.29 
,,,5/29/2009, 75.81 
,,,6/1/2009, 76.37 
,,,6/2/2009, 75.40 
,,,6/3/2009, 75.59 
,,,6/4/2009, 76.33 
,,,6/5/2009, 79.14 
,,,6/8/2009, 77.21 
,,,6/9/2009, 77.02 
,,,6/10/2009, 76.97 
,,,6/11/2009, 77.92 
,,,6/12/2009, 79.93 
,,,6/15/2009, 78.57 
,,,6/16/2009, 78.53 
,,,6/17/2009, 77.98 
,,,6/18/2009, 77.99 
,,,6/19/2009, 79.44 
,,,6/22/2009, 76.05 
,,,6/23/2009, 73.13 
,,,6/24/2009, 74.94 
,,,6/25/2009, 75.60 
,,,6/26/2009, 77.86 
,,,6/29/2009, 76.12 
,,,6/30/2009, 79.18 
,,,7/1/2009, 76.55 
,,,7/2/2009, 74.94 
,,,7/3/2009, 73.29 
,,,7/6/2009, 70.16 
,,,7/7/2009, 70.63 
,,,7/8/2009, 69.57 
,,,7/9/2009, 68.40 
,,,7/10/2009, 67.49 
,,,7/13/2009, 66.94 
,,,7/14/2009, 67.98 
,,,7/15/2009, 68.03 
,,,7/16/2009, 70.03 
,,,7/17/2009, 70.68 
,,,7/20/2009, 73.67 
,,,7/21/2009, 73.12 
,,,7/22/2009, 73.72 
,,,7/23/2009, 75.17 
,,,7/24/2009, 77.67 
,,,7/27/2009, 78.32 
,,,7/28/2009, 78.15 
,,,7/29/2009, 75.60 
,,,7/30/2009, 74.77 
,,,7/31/2009, 80.18 
,,,8/3/2009, 83.23 
,,,8/4/2009, 83.36 
,,,8/5/2009, 83.76 
,,,8/6/2009, 84.15 
,,,8/7/2009, 83.54 
,,,8/10/2009,
,,,8/11/2009, 84.53 
,,,8/12/2009, 83.28 
,,,8/13/2009, 83.78 
,,,8/14/2009, 83.83 
,,,8/17/2009, 78.39 
,,,8/18/2009, 78.76 
,,,8/19/2009, 79.75 
,,,8/20/2009, 81.78 
,,,8/21/2009, 81.15 
,,,8/24/2009, 82.94 
,,,8/25/2009, 82.44 
,,,8/26/2009, 82.08 
,,,8/27/2009, 80.52 
,,,8/28/2009, 81.19 
,,,8/31/2009, 80.07 
,,,9/1/2009, 78.43 
,,,9/2/2009, 76.96 
,,,9/3/2009, 78.09 
,,,9/4/2009, 77.16 
,,,9/7/2009, 75.94 
,,,9/8/2009, 75.99 
,,,9/9/2009, 78.09 
,,,9/10/2009, 78.29 
,,,9/11/2009, 77.34 
,,,9/14/2009, 74.94 
,,,9/15/2009, 74.86 
,,,9/16/2009, 76.58 
,,,9/17/2009, 79.92 
,,,9/18/2009, 79.12 
,,,9/21/2009,
,,,9/22/2009, 77.30 
,,,9/23/2009, 77.75 
,,,9/24/2009, 72.94 
,,,9/25/2009, 69.42 
,,,9/28/2009, 68.55 
,,,9/29/2009, 70.20 
,,,9/30/2009, 70.43 
,,,10/1/2009, 74.73 
,,,10/2/2009, 72.64 
,,,10/5/2009, 70.99 
,,,10/6/2009, 73.00 
,,,10/7/2009, 73.55 
,,,10/8/2009, 71.36 
,,,10/9/2009, 73.68 
,,,10/12/2009, 74.03 
,,,10/13/2009, 74.74 
,,,10/14/2009, 75.76 
,,,10/15/2009, 77.10 
,,,10/16/2009, 79.56 
,,,10/19/2009, 79.96 
,,,10/20/2009, 80.72 
,,,10/21/2009, 80.27 
,,,10/22/2009, 82.47 
,,,10/23/2009, 83.78 
,,,10/26/2009, 83.16 
,,,10/27/2009, 82.76 
,,,10/28/2009, 83.04 
,,,10/29/2009, 80.05 
,,,10/30/2009, 82.25 
,,,11/2/2009, 80.04 
,,,11/3/2009, 80.63 
,,,11/4/2009, 81.53 
,,,11/5/2009, 81.98 
,,,11/6/2009, 82.30 
,,,11/9/2009, 80.76 
,,,11/10/2009, 82.01 
,,,11/11/2009, 83.05 
,,,11/12/2009, 82.51 
,,,11/13/2009, 81.48 
,,,11/16/2009, 82.01 
,,,11/17/2009, 82.98 
,,,11/18/2009, 83.99 
,,,11/19/2009, 82.89 
,,,11/20/2009, 82.28 
,,,11/23/2009, 82.88 
,,,11/24/2009, 81.38 
,,,11/25/2009, 80.56 
,,,11/26/2009, 80.98 
,,,11/27/2009,
,,,11/30/2009, 81.54 
,,,12/1/2009, 83.50 
,,,12/2/2009, 84.20 
,,,12/3/2009, 84.10 
,,,12/4/2009, 83.20 
,,,12/7/2009, 82.43 
,,,12/8/2009, 81.44 
,,,12/9/2009, 81.15 
,,,12/10/2009, 78.70 
,,,12/11/2009, 78.16 
,,,12/14/2009, 78.06 
,,,12/15/2009, 78.11 
,,,12/16/2009, 79.26 
,,,12/17/2009, 79.73 
,,,12/18/2009, 79.51 
,,,12/21/2009, 80.46 
,,,12/22/2009, 81.48 
,,,12/23/2009, 81.87 
,,,12/24/2009, 83.79 
,,,12/28/2009, 84.89 
,,,12/29/2009, 85.00 
,,,12/30/2009, 85.10 
,,,12/31/2009, 86.55 
,,,1/4/2010, 86.99 
,,,1/5/2010, 88.76 
,,,1/6/2010, 88.36 
,,,1/7/2010, 89.10 
,,,1/8/2010, 90.55 
,,,1/11/2010, 91.95 
,,,1/12/2010, 90.58 
,,,1/13/2010, 88.49 
,,,1/14/2010, 89.64 
,,,1/15/2010, 88.59 
,,,1/18/2010, 87.46 
,,,1/19/2010, 87.75 
,,,1/20/2010, 88.20 
,,,1/21/2010, 88.28 
,,,1/22/2010, 85.63 
,,,1/25/2010, 85.02 
,,,1/26/2010, 86.15 
,,,1/27/2010, 86.15 
,,,1/28/2010, 86.83 
,,,1/29/2010, 85.67 
,,,2/1/2010, 85.10 
,,,2/2/2010, 87.60 
,,,2/3/2010, 90.03 
,,,2/4/2010, 88.35 
,,,2/5/2010, 83.99 
,,,2/8/2010, 81.94 
,,,2/9/2010, 82.71 
,,,2/10/2010, 84.33 
,,,2/11/2010, 84.21 
,,,2/12/2010, 84.05 
,,,2/15/2010,
,,,2/16/2010,
,,,2/17/2010, 86.75 
,,,2/18/2010, 85.83 
,,,2/19/2010, 87.64 
,,,2/22/2010, 89.76 
,,,2/23/2010, 89.21 
,,,2/24/2010, 88.35 
,,,2/25/2010, 89.59 
,,,2/26/2010, 87.43 
,,,3/1/2010, 89.36 
,,,3/2/2010, 88.05 
,,,3/3/2010, 89.59 
,,,3/4/2010, 91.30 
,,,3/5/2010, 91.75 
,,,3/8/2010, 93.23 
,,,3/9/2010, 92.35 
,,,3/10/2010, 91.41 
,,,3/11/2010, 91.83 
,,,3/12/2010, 92.32 
,,,3/15/2010, 91.69 
,,,3/16/2010, 89.65 
,,,3/17/2010, 92.00 
,,,3/18/2010, 91.85 
,,,3/19/2010, 92.15 
,,,3/22/2010, 90.36 
,,,3/23/2010, 90.74 
,,,3/24/2010, 89.79 
,,,3/25/2010, 89.11 
,,,3/26/2010, 89.39 
,,,3/29/2010, 89.12 
,,,3/30/2010, 91.15 
,,,3/31/2010, 91.54 
,,,4/1/2010, 93.33 
,,,4/5/2010, 94.96 
,,,4/6/2010, 95.21 
,,,4/7/2010, 95.12 
,,,4/8/2010, 93.55 
,,,4/9/2010, 95.05 
,,,4/12/2010, 94.46 
,,,4/13/2010, 93.55 
,,,4/14/2010, 94.25 
,,,4/15/2010, 94.83 
,,,4/16/2010, 93.65 
,,,4/19/2010, 91.12 
,,,4/20/2010, 92.33 
,,,4/21/2010, 94.28 
,,,4/22/2010, 93.66 
,,,4/23/2010, 93.75 
,,,4/26/2010, 95.67 
,,,4/27/2010, 94.59 
,,,4/28/2010, 93.10 
,,,4/29/2010, 93.80 
,,,4/30/2010, 95.04 
,,,5/3/2010, 95.87 
,,,5/4/2010, 96.57 
,,,5/5/2010, 92.40 
,,,5/6/2010, 89.15 
,,,5/7/2010, 86.79 
,,,5/10/2010, 88.15 
,,,5/11/2010, 85.86 
,,,5/12/2010, 87.51 
,,,5/13/2010, 88.62 
,,,5/14/2010, 87.45 
,,,5/17/2010, 84.02 
,,,5/18/2010, 83.45 
,,,5/19/2010, 81.17 
,,,5/20/2010, 81.20 
,,,5/21/2010, 78.51 
,,,5/24/2010, 79.00 
,,,5/25/2010, 76.98 
,,,5/26/2010, 78.20 
,,,5/27/2010, 79.16 
,,,5/28/2010,
,,,5/31/2010, 82.31 
,,,6/1/2010, 80.06 
,,,6/2/2010, 79.64 
,,,6/3/2010, 82.55 
,,,6/4/2010, 83.68 
,,,6/7/2010, 79.14 
,,,6/8/2010, 80.43 
,,,6/9/2010, 80.26 
,,,6/10/2010, 81.94 
,,,6/11/2010, 83.31 
,,,6/14/2010, 83.69 
,,,6/15/2010, 83.66 
,,,6/16/2010, 84.51 
,,,6/17/2010, 86.22 
,,,6/18/2010, 86.30 
,,,6/21/2010, 87.61 
,,,6/22/2010, 85.42 
,,,6/23/2010, 85.50 
,,,6/24/2010, 82.81 
,,,6/25/2010, 83.61 
,,,6/28/2010, 85.61 
,,,6/29/2010, 83.14 
,,,6/30/2010, 82.69 
,,,7/1/2010, 81.63 
,,,7/2/2010, 80.51 
,,,7/5/2010, 79.97 
,,,7/6/2010, 79.56 
,,,7/7/2010, 79.45 
,,,7/8/2010, 81.95 
,,,7/9/2010, 82.54 
,,,7/12/2010, 83.05 
,,,7/13/2010, 81.76 
,,,7/14/2010, 83.59 
,,,7/15/2010, 82.99 
,,,7/16/2010, 82.41 
,,,7/19/2010, 82.31 
,,,7/20/2010, 82.66 
,,,7/21/2010, 83.05 
,,,7/22/2010, 82.37 
,,,7/23/2010, 85.62 
,,,7/26/2010, 84.60 
,,,7/27/2010, 84.43 
,,,7/28/2010, 82.49 
,,,7/29/2010, 82.77 
,,,7/30/2010, 83.49 
,,,8/2/2010, 85.10 
,,,8/3/2010, 86.88 
,,,8/4/2010, 87.16 
,,,8/5/2010, 86.80 
,,,8/6/2010, 86.78 
,,,8/9/2010,
,,,8/10/2010, 84.96 
,,,8/11/2010, 85.24 
,,,8/12/2010, 82.81 
,,,8/13/2010, 82.20 
,,,8/16/2010, 81.15 
,,,8/17/2010, 81.45 
,,,8/18/2010, 81.53 
,,,8/19/2010, 82.04 
,,,8/20/2010, 80.80 
,,,8/23/2010, 79.99 
,,,8/24/2010, 78.47 
,,,8/25/2010, 78.23 
,,,8/26/2010, 79.15 
,,,8/27/2010, 79.61 
,,,8/30/2010, 81.86 
,,,8/31/2010, 80.61 
,,,9/1/2010, 79.78 
,,,9/2/2010, 81.40 
,,,9/3/2010, 82.36 
,,,9/6/2010, 81.99 
,,,9/7/2010, 81.31 
,,,9/8/2010, 82.32 
,,,9/9/2010, 82.73 
,,,9/10/2010,
,,,9/13/2010, 83.22 
,,,9/14/2010, 83.36 
,,,9/15/2010, 82.86 
,,,9/16/2010, 83.10 
,,,9/17/2010, 83.01 
,,,9/20/2010, 82.26 
,,,9/21/2010, 83.35 
,,,9/22/2010, 82.25 
,,,9/23/2010, 81.44 
,,,9/24/2010, 82.23 
,,,9/27/2010, 83.28 
,,,9/28/2010, 82.53 
,,,9/29/2010, 83.68 
,,,9/30/2010, 85.15 
,,,10/1/2010, 87.32 
,,,10/4/2010, 87.94 
,,,10/5/2010, 88.29 
,,,10/6/2010, 89.47 
,,,10/7/2010, 90.79 
,,,10/8/2010, 88.76 
,,,10/11/2010, 91.14 
,,,10/12/2010, 90.33 
,,,10/13/2010, 91.01 
,,,10/14/2010, 92.10 
,,,10/15/2010, 91.34 
,,,10/18/2010, 88.92 
,,,10/19/2010, 91.08 
,,,10/20/2010, 88.57 
,,,10/21/2010, 89.48 
,,,10/22/2010, 88.57 
,,,10/25/2010, 90.94 
,,,10/26/2010, 89.38 
,,,10/27/2010, 88.84 
,,,10/28/2010, 89.97 
,,,10/29/2010, 89.57 
,,,11/1/2010, 89.51 
,,,11/2/2010, 90.70 
,,,11/3/2010, 91.48 
,,,11/4/2010, 93.53 
,,,11/5/2010,
,,,11/8/2010, 94.91 
,,,11/9/2010, 94.39 
,,,11/10/2010, 95.25 
,,,11/11/2010, 95.70 
,,,11/12/2010, 93.18 
,,,11/15/2010, 93.21 
,,,11/16/2010, 93.19 
,,,11/17/2010,
,,,11/18/2010, 91.79 
,,,11/19/2010, 93.60 
,,,11/22/2010, 93.10 
,,,11/23/2010, 91.10 
,,,11/24/2010, 91.15 
,,,11/25/2010, 93.59 
,,,11/26/2010, 94.03 
,,,11/29/2010, 94.87 
,,,11/30/2010, 95.95 
,,,12/1/2010, 95.92 
,,,12/2/2010, 99.46 
,,,12/3/2010, 101.09 
,,,12/6/2010, 102.66 
,,,12/7/2010, 102.02 
,,,12/8/2010, 101.05 
,,,12/9/2010, 101.43 
,,,12/10/2010, 101.62 
,,,12/13/2010, 101.36 
,,,12/14/2010, 101.09 
,,,12/15/2010, 100.26 
,,,12/16/2010, 101.79 
,,,12/17/2010, 101.79 
,,,12/20/2010, 101.44 
,,,12/21/2010, 102.92 
,,,12/22/2010, 103.84 
,,,12/23/2010, 103.99 
,,,12/24/2010, 104.79 
,,,12/27/2010,
,,,12/28/2010, 104.44 
,,,12/29/2010, 104.81 
,,,12/30/2010, 104.59 
,,,12/31/2010, 103.51 
,,,1/3/2011,
,,,1/4/2011, 105.39 
,,,1/5/2011, 103.70 
,,,1/6/2011, 106.30 
,,,1/7/2011, 105.04 
,,,1/10/2011, 104.71 
,,,1/11/2011, 105.58 
,,,1/12/2011, 107.17 
,,,1/13/2011, 107.55 
,,,1/14/2011, 107.59 
,,,1/17/2011, 108.34 
,,,1/18/2011, 108.03 
,,,1/19/2011, 108.24 
,,,1/20/2011, 107.74 
,,,1/21/2011, 106.66 
,,,1/24/2011, 107.98 
,,,1/25/2011, 105.92 
,,,1/26/2011, 103.48 
,,,1/27/2011, 105.74 
,,,1/28/2011, 105.24 
,,,1/31/2011, 107.14 
,,,2/1/2011, 109.34 
,,,2/2/2011, 110.41 
,,,2/3/2011,
,,,2/4/2011,
,,,2/7/2011, 107.43 
,,,2/8/2011, 107.99 
,,,2/9/2011, 108.95 
,,,2/10/2011, 109.17 
,,,2/11/2011, 108.07 
,,,2/14/2011, 108.14 
,,,2/15/2011, 109.87 
,,,2/16/2011, 108.63 
,,,2/17/2011, 111.25 
,,,2/18/2011, 109.96 
,,,2/21/2011, 112.09 
,,,2/22/2011, 115.06 
,,,2/23/2011, 114.60 
,,,2/24/2011, 123.42 
,,,2/25/2011, 118.81 
,,,2/28/2011, 119.90 
,,,3/1/2011, 117.79 
,,,3/2/2011, 120.90 
,,,3/3/2011, 121.56 
,,,3/4/2011, 123.54 
,,,3/7/2011, 124.68 
,,,3/8/2011, 120.97 
,,,3/9/2011, 119.45 
,,,3/10/2011, 122.97 
,,,3/11/2011, 121.16 
,,,3/14/2011, 119.51 
,,,3/15/2011, 118.00 
,,,3/16/2011, 116.12 
,,,3/17/2011, 116.98 
,,,3/18/2011, 122.12 
,,,3/21/2011, 121.18 
,,,3/22/2011, 120.83 
,,,3/23/2011, 121.98 
,,,3/24/2011, 122.25 
,,,3/25/2011, 122.58 
,,,3/28/2011, 121.49 
,,,3/29/2011, 120.91 
,,,3/30/2011, 122.10 
,,,3/31/2011, 123.17 
,,,4/1/2011, 124.90 
,,,4/4/2011, 126.20 
,,,4/5/2011, 127.00 
,,,4/6/2011, 128.03 
,,,4/7/2011, 128.08 
,,,4/8/2011, 130.46 
,,,4/11/2011, 131.52 
,,,4/12/2011, 129.51 
,,,4/13/2011, 127.51 
,,,4/14/2011, 129.48 
,,,4/15/2011, 128.09 
,,,4/18/2011, 129.47 
,,,4/19/2011, 126.83 
,,,4/20/2011, 128.63 
,,,4/21/2011, 131.35 
,,,4/25/2011, 132.30 
,,,4/26/2011, 133.04 
,,,4/27/2011, 133.81 
,,,4/28/2011, 137.71 
,,,4/29/2011, 135.56 
,,,5/2/2011,
,,,5/3/2011, 138.23 
,,,5/4/2011, 137.70 
,,,5/5/2011, 136.32 
,,,5/6/2011, 123.37 
,,,5/9/2011, 127.00 
,,,5/10/2011, 131.77 
,,,5/11/2011, 131.87 
,,,5/12/2011, 123.65 
,,,5/13/2011, 123.45 
,,,5/16/2011, 121.18 
,,,5/17/2011,
,,,5/18/2011, 118.08 
,,,5/19/2011, 119.33 
,,,5/20/2011, 118.94 
,,,5/23/2011, 117.15 
,,,5/24/2011, 119.70 
,,,5/25/2011, 119.00 
,,,5/26/2011, 122.25 
,,,5/27/2011, 122.54 
,,,5/30/2011, 121.55 
,,,5/31/2011, 123.31 
,,,6/1/2011, 122.89 
,,,6/2/2011, 119.99 
,,,6/3/2011, 120.05 
,,,6/6/2011, 120.24 
,,,6/7/2011, 122.00 
,,,6/8/2011, 123.56 
,,,6/9/2011, 124.25 
,,,6/10/2011, 124.92 
,,,6/13/2011, 123.58 
,,,6/14/2011, 122.01 
,,,6/15/2011, 123.48 
,,,6/16/2011, 121.21 
,,,6/17/2011, 118.18 
,,,6/20/2011, 119.49 
,,,6/21/2011, 121.43 
,,,6/22/2011, 119.00 
,,,6/23/2011, 120.06 
,,,6/24/2011, 115.07 
,,,6/27/2011, 112.96 
,,,6/28/2011, 114.46 
,,,6/29/2011, 118.01 
,,,6/30/2011, 120.44 
,,,7/1/2011, 123.37 
,,,7/4/2011, 126.03 
,,,7/5/2011, 124.91 
,,,7/6/2011, 124.99 
,,,7/7/2011, 125.34 
,,,7/8/2011, 129.30 
,,,7/11/2011, 127.63 
,,,7/12/2011, 125.20 
,,,7/13/2011, 127.39 
,,,7/14/2011, 126.21 
,,,7/15/2011, 124.60 
,,,7/18/2011, 123.94 
,,,7/19/2011, 124.28 
,,,7/20/2011, 125.50 
,,,7/21/2011, 125.67 
,,,7/22/2011, 127.42 
,,,7/25/2011, 126.83 
,,,7/26/2011, 127.91 
,,,7/27/2011, 128.04 
,,,7/28/2011, 128.14 
,,,7/29/2011, 126.43 
,,,8/1/2011, 129.28 
,,,8/2/2011, 127.20 
,,,8/3/2011, 124.25 
,,,8/4/2011, 122.56 
,,,8/5/2011, 118.00 
,,,8/8/2011, 116.72 
,,,8/9/2011,
,,,8/10/2011, 115.63 
,,,8/11/2011, 119.18 
,,,8/12/2011, 119.53 
,,,8/15/2011, 121.48 
,,,8/16/2011, 123.55 
,,,8/17/2011, 124.58 
,,,8/18/2011, 124.38 
,,,8/19/2011, 119.83 
,,,8/22/2011, 120.57 
,,,8/23/2011, 121.78 
,,,8/24/2011, 123.64 
,,,8/25/2011, 125.27 
,,,8/26/2011, 125.57 
,,,8/29/2011, 126.27 
,,,8/30/2011,
,,,8/31/2011, 130.50 
,,,9/1/2011, 130.68 
,,,9/2/2011, 131.18 
,,,9/5/2011, 128.13 
,,,9/6/2011, 126.92 
,,,9/7/2011, 128.10 
,,,9/8/2011, 128.62 
,,,9/9/2011, 127.30 
,,,9/12/2011, 122.98 
,,,9/13/2011, 124.23 
,,,9/14/2011, 123.41 
,,,9/15/2011, 124.61 
,,,9/16/2011, 127.21 
,,,9/19/2011, 125.77 
,,,9/20/2011, 124.07 
,,,9/21/2011, 124.68 
,,,9/22/2011, 122.13 
,,,9/23/2011, 120.61 
,,,9/26/2011, 116.98 
,,,9/27/2011, 119.13 
,,,9/28/2011, 119.53 
,,,9/29/2011, 120.17 
,,,9/30/2011, 119.50 
,,,10/3/2011, 117.30 
,,,10/4/2011, 116.09 
,,,10/5/2011, 118.70 
,,,10/6/2011, 120.45 
,,,10/7/2011, 122.83 
,,,10/10/2011, 122.80 
,,,10/11/2011, 123.40 
,,,10/12/2011, 125.96 
,,,10/13/2011, 124.81 
,,,10/14/2011, 126.17 
,,,10/17/2011, 127.98 
,,,10/18/2011, 123.98 
,,,10/19/2011, 123.73 
,,,10/20/2011, 120.05 
,,,10/21/2011, 121.28 
,,,10/24/2011, 121.64 
,,,10/25/2011, 121.24 
,,,10/26/2011,
,,,10/27/2011, 120.23 
,,,10/28/2011, 121.57 
,,,10/31/2011, 118.42 
,,,11/1/2011, 115.66 
,,,11/2/2011, 117.29 
,,,11/3/2011, 114.73 
,,,11/4/2011, 116.48 
,,,11/7/2011,
,,,11/8/2011, 120.08 
,,,11/9/2011, 119.24 
,,,11/10/2011, 116.15 
,,,11/11/2011, 115.37 
,,,11/14/2011, 113.50 
,,,11/15/2011, 111.14 
,,,11/16/2011, 112.50 
,,,11/17/2011, 112.94 
,,,11/18/2011, 109.75 
,,,11/21/2011, 107.95 
,,,11/22/2011, 108.70 
,,,11/23/2011, 109.00 
,,,11/24/2011, 108.85 
,,,11/25/2011, 109.35 
,,,11/28/2011, 109.90 
,,,11/29/2011, 110.30 
,,,11/30/2011, 111.15 
,,,12/1/2011, 111.48 
,,,12/2/2011, 112.68 
,,,12/5/2011, 114.56 
,,,12/6/2011, 112.86 
,,,12/7/2011, 114.46 
,,,12/8/2011, 113.33 
,,,12/9/2011, 111.85 
,,,12/12/2011, 113.55 
,,,12/13/2011, 113.90 
,,,12/14/2011, 115.88 
,,,12/15/2011, 112.98 
,,,12/16/2011, 112.09 
,,,12/19/2011, 110.91 
,,,12/20/2011, 111.53 
,,,12/21/2011, 114.50 
,,,12/22/2011, 114.73 
,,,12/23/2011, 115.27 
,,,12/27/2011, 116.08 
,,,12/28/2011, 115.77 
,,,12/29/2011, 115.74 
,,,12/30/2011, 116.93 
,,,1/3/2012, 119.09 
,,,1/4/2012, 122.88 
,,,1/5/2012, 123.69 
,,,1/6/2012, 123.60 
,,,1/9/2012, 123.71 
,,,1/10/2012, 124.15 
,,,1/11/2012, 124.00 
,,,1/12/2012, 123.20 
,,,1/13/2012, 122.43 
,,,1/16/2012, 121.79 
,,,1/17/2012, 123.54 
,,,1/18/2012, 124.21 
,,,1/19/2012, 125.53 
,,,1/20/2012, 125.99 
,,,1/23/2012,
,,,1/24/2012,
,,,1/25/2012, 124.60 
,,,1/26/2012, 125.34 
,,,1/27/2012, 125.23 
,,,1/30/2012, 127.26 
,,,1/31/2012, 125.53 
,,,2/1/2012, 125.59 
,,,2/2/2012, 125.50 
,,,2/3/2012, 125.23 
,,,2/6/2012, 126.42 
,,,2/7/2012, 127.21 
,,,2/8/2012, 128.08 
,,,2/9/2012, 130.33 
,,,2/10/2012, 130.36 
,,,2/13/2012, 131.71 
,,,2/14/2012, 130.38 
,,,2/15/2012, 130.78 
,,,2/16/2012, 130.73 
,,,2/17/2012, 133.09 
,,,2/20/2012, 132.52 
,,,2/21/2012, 131.83 
,,,2/22/2012, 133.26 
,,,2/23/2012, 133.41 
,,,2/24/2012, 134.85 
,,,2/27/2012, 135.48 
,,,2/28/2012, 134.78 
,,,2/29/2012, 133.10 
,,,3/1/2012, 133.93 
,,,3/2/2012, 136.19 
,,,3/5/2012, 134.33 
,,,3/6/2012, 134.09 
,,,3/7/2012, 133.66 
,,,3/8/2012, 137.05 
,,,3/9/2012, 136.77 
,,,3/12/2012, 137.02 
,,,3/13/2012, 137.45 
,,,3/14/2012, 138.41 
,,,3/15/2012, 138.60 
,,,3/16/2012, 136.74 
,,,3/19/2012, 138.19 
,,,3/20/2012, 137.25 
,,,3/21/2012, 136.96 
,,,3/22/2012, 135.51 
,,,3/23/2012, 136.05 
,,,3/26/2012, 137.95 
,,,3/27/2012, 138.91 
,,,3/28/2012, 137.41 
,,,3/29/2012, 137.13 
,,,3/30/2012, 136.46 
,,,4/2/2012, 136.79 
,,,4/3/2012, 140.13 
,,,4/4/2012, 141.37 
,,,4/5/2012, 137.75 
,,,4/9/2012, 136.90 
,,,4/10/2012, 135.66 
,,,4/11/2012, 132.94 
,,,4/12/2012, 134.67 
,,,4/13/2012, 136.76 
,,,4/16/2012, 135.62 
,,,4/17/2012, 134.25 
,,,4/18/2012, 132.78 
,,,4/19/2012, 132.78 
,,,4/20/2012, 131.41 
,,,4/23/2012, 130.48 
,,,4/24/2012, 132.67 
,,,4/25/2012, 132.69 
,,,4/26/2012, 134.09 
,,,4/27/2012, 134.13 
,,,4/30/2012, 135.76 
,,,5/1/2012,
,,,5/2/2012, 131.78 
,,,5/3/2012, 130.47 
,,,5/4/2012, 127.50 
,,,5/7/2012, 125.91 
,,,5/8/2012, 124.74 
,,,5/9/2012, 123.98 
,,,5/10/2012, 124.03 
,,,5/11/2012, 123.28 
,,,5/14/2012, 122.57 
,,,5/15/2012, 122.25 
,,,5/16/2012, 120.73 
,,,5/17/2012, 120.41 
,,,5/18/2012, 118.01 
,,,5/21/2012, 118.64 
,,,5/22/2012, 119.03 
,,,5/23/2012, 118.03 
,,,5/24/2012, 115.85 
,,,5/25/2012, 117.78 
,,,5/28/2012, 118.40 
,,,5/29/2012, 118.75 
,,,5/30/2012, 117.13 
,,,5/31/2012, 115.20 
,,,6/1/2012, 113.36 
,,,6/4/2012, 109.81 
,,,6/5/2012, 110.36 
,,,6/6/2012, 110.87 
,,,6/7/2012, 109.70 
,,,6/8/2012, 106.99 
,,,6/11/2012, 109.99 
,,,6/12/2012, 105.55 
,,,6/13/2012, 105.80 
,,,6/14/2012, 104.74 
,,,6/15/2012, 105.62 
,,,6/18/2012, 104.48 
,,,6/19/2012, 101.89 
,,,6/20/2012, 101.85 
,,,6/21/2012, 97.19 
,,,6/22/2012, 96.28 
,,,6/25/2012, 97.79 
,,,6/26/2012, 99.71 
,,,6/27/2012, 100.56 
,,,6/28/2012, 100.05 
,,,6/29/2012, 101.10 
,,,7/2/2012, 104.37 
,,,7/3/2012, 105.31 
,,,7/4/2012, 107.47 
,,,7/5/2012, 108.64 
,,,7/6/2012, 109.68 
,,,7/9/2012, 108.73 
,,,7/10/2012, 109.33 
,,,7/11/2012, 109.57 
,,,7/12/2012, 110.19 
,,,7/13/2012, 113.14 
,,,7/16/2012, 114.75 
,,,7/17/2012, 115.57 
,,,7/18/2012, 115.43 
,,,7/19/2012, 119.08 
,,,7/20/2012, 120.88 
,,,7/23/2012, 117.58 
,,,7/24/2012, 117.27 
,,,7/25/2012, 116.41 
,,,7/26/2012, 115.91 
,,,7/27/2012, 117.36 
,,,7/30/2012, 118.12 
,,,7/31/2012, 119.41 
,,,8/1/2012, 119.75 
,,,8/2/2012, 123.28 
,,,8/3/2012, 123.18 
,,,8/6/2012, 124.52 
,,,8/7/2012, 125.90 
,,,8/8/2012, 128.53 
,,,8/9/2012,
,,,8/10/2012, 131.66 
,,,8/13/2012, 131.75 
,,,8/14/2012, 131.57 
,,,8/15/2012, 129.54 
,,,8/16/2012, 131.12 
,,,8/17/2012, 130.27 
,,,8/20/2012,
,,,8/21/2012, 129.56 
,,,8/22/2012, 127.63 
,,,8/23/2012, 128.87 
,,,8/24/2012, 127.87 
,,,8/27/2012, 128.89 
,,,8/28/2012, 126.18 
,,,8/29/2012, 124.33 
,,,8/30/2012, 124.13 
,,,8/31/2012, 122.64 
,,,9/3/2012, 123.15 
,,,9/4/2012, 125.06 
,,,9/5/2012, 122.46 
,,,9/6/2012, 123.94 
,,,9/7/2012, 126.09 
,,,9/10/2012, 127.85 
,,,9/11/2012, 127.82 
,,,9/12/2012, 129.00 
,,,9/13/2012, 128.41 
,,,9/14/2012, 129.68 
,,,9/17/2012, 128.83 
,,,9/18/2012, 125.67 
,,,9/19/2012, 124.93 
,,,9/20/2012, 122.56 
,,,9/21/2012, 124.74 
,,,9/24/2012, 124.73 
,,,9/25/2012, 124.92 
,,,9/26/2012, 123.87 
,,,9/27/2012, 126.61 
,,,9/28/2012, 129.10 
,,,10/1/2012, 128.55 
,,,10/2/2012, 127.44 
,,,10/3/2012, 124.20 
,,,10/4/2012, 123.35 
,,,10/5/2012, 128.19 
,,,10/8/2012, 127.94 
,,,10/9/2012, 128.60 
,,,10/10/2012, 130.15 
,,,10/11/2012, 130.20 
,,,10/12/2012, 129.00 
,,,10/15/2012, 127.67 
,,,10/16/2012, 127.62 
,,,10/17/2012, 125.43 
,,,10/18/2012, 124.32 
,,,10/19/2012, 124.08 
,,,10/22/2012, 120.05 
,,,10/23/2012, 118.14 
,,,10/24/2012, 116.93 
,,,10/25/2012, 115.51 
,,,10/26/2012,
,,,10/29/2012, 116.80 
,,,10/30/2012, 117.55 
,,,10/31/2012, 117.71 
,,,11/1/2012, 115.47 
,,,11/2/2012, 115.13 
,,,11/5/2012, 112.48 
,,,11/6/2012, 115.53 
,,,11/7/2012, 119.76 
,,,11/8/2012, 116.21 
,,,11/9/2012, 116.52 
,,,11/12/2012, 119.36 
,,,11/13/2012,
,,,11/14/2012, 118.88 
,,,11/15/2012, 122.13 
,,,11/16/2012, 121.19 
,,,11/19/2012, 122.98 
,,,11/20/2012, 123.78 
,,,11/21/2012, 121.47 
,,,11/22/2012, 122.58 
,,,11/23/2012, 123.01 
,,,11/26/2012, 122.76 
,,,11/27/2012, 121.33 
,,,11/28/2012, 120.43 
,,,11/29/2012, 120.14 
,,,11/30/2012, 120.77 
,,,12/3/2012, 120.68 
,,,12/4/2012, 120.07 
,,,12/5/2012, 118.44 
,,,12/6/2012, 116.14 
,,,12/7/2012, 115.02 
,,,12/10/2012, 116.45 
,,,12/11/2012, 116.58 
,,,12/12/2012, 117.00 
,,,12/13/2012, 117.83 
,,,12/14/2012, 116.07 
,,,12/17/2012, 117.81 
,,,12/18/2012, 118.24 
,,,12/19/2012, 118.45 
,,,12/20/2012, 119.58 
,,,12/21/2012, 120.04 
,,,12/24/2012, 119.93 
,,,12/26/2012, 120.75 
,,,12/27/2012, 122.85 
,,,12/28/2012, 122.58 
,,,12/31/2012, 122.48 
,,,1/2/2013, 123.69 
,,,1/3/2013, 122.99 
,,,1/4/2013, 121.49 
,,,1/7/2013, 121.01 
,,,1/8/2013, 121.43 
,,,1/9/2013, 121.89 
,,,1/10/2013, 121.85 
,,,1/11/2013, 120.73 
,,,1/14/2013, 118.86 
,,,1/15/2013, 120.34 
,,,1/16/2013, 119.49 
,,,1/17/2013, 119.83 
,,,1/18/2013, 121.43 
,,,1/21/2013, 122.43 
,,,1/22/2013, 122.62 
,,,1/23/2013, 123.83 
,,,1/24/2013, 124.06 
,,,1/25/2013, 125.12 
,,,1/28/2013, 124.50 
,,,1/29/2013, 125.74 
,,,1/30/2013, 128.23 
,,,1/31/2013, 129.37 
,,,2/1/2013, 130.12 
,,,2/4/2013, 131.29 
,,,2/5/2013, 129.98 
,,,2/6/2013, 132.01 
,,,2/7/2013, 134.71 
,,,2/8/2013, 134.63 
,,,2/11/2013,
,,,2/12/2013,
,,,2/13/2013, 135.81 
,,,2/14/2013, 135.44 
,,,2/15/2013, 135.91 
,,,2/18/2013, 135.75 
,,,2/19/2013, 135.11 
,,,2/20/2013, 134.55 
,,,2/21/2013, 132.76 
,,,2/22/2013, 134.40 
,,,2/25/2013, 133.61 
,,,2/26/2013, 130.91 
,,,2/27/2013, 130.18 
,,,2/28/2013, 126.38 
,,,3/1/2013, 126.43 
,,,3/4/2013, 127.18 
,,,3/5/2013, 125.05 
,,,3/6/2013, 126.53 
,,,3/7/2013, 124.33 
,,,3/8/2013, 125.39 
,,,3/11/2013, 125.68 
,,,3/12/2013, 124.27 
,,,3/13/2013, 124.43 
,,,3/14/2013, 123.16 
,,,3/15/2013, 123.60 
,,,3/18/2013, 123.42 
,,,3/19/2013, 123.43 
,,,3/20/2013, 121.81 
,,,3/21/2013, 122.66 
,,,3/22/2013, 120.97 
,,,3/25/2013, 121.83 
,,,3/26/2013, 122.30 
,,,3/27/2013, 123.61 
,,,3/28/2013, 123.99 
,,,4/1/2013, 123.96 
,,,4/2/2013, 125.67 
,,,4/3/2013, 122.26 
,,,4/4/2013, 116.64 
,,,4/5/2013, 116.01 
,,,4/8/2013, 114.57 
,,,4/9/2013, 114.53 
,,,4/10/2013, 114.87 
,,,4/11/2013, 112.74 
,,,4/12/2013, 111.93 
,,,4/15/2013, 109.55 
,,,4/16/2013, 107.70 
,,,4/17/2013, 109.89 
,,,4/18/2013, 109.24 
,,,4/19/2013, 111.61 
,,,4/22/2013, 111.69 
,,,4/23/2013, 110.35 
,,,4/24/2013, 110.54 
,,,4/25/2013, 111.98 
,,,4/26/2013, 113.81 
,,,4/29/2013, 113.93 
,,,4/30/2013, 113.44 
,,,5/1/2013,
,,,5/2/2013, 109.16 
,,,5/3/2013, 110.56 
,,,5/6/2013, 112.79 
,,,5/7/2013, 114.13 
,,,5/8/2013, 113.50 
,,,5/9/2013, 114.01 
,,,5/10/2013, 115.58 
,,,5/13/2013, 114.94 
,,,5/14/2013, 114.38 
,,,5/15/2013, 113.72 
,,,5/16/2013, 113.97 
,,,5/17/2013, 114.76 
,,,5/20/2013, 114.86 
,,,5/21/2013, 115.44 
,,,5/22/2013, 114.98 
,,,5/23/2013, 115.93 
,,,5/24/2013,
,,,5/27/2013, 115.98 
,,,5/28/2013, 117.31 
,,,5/29/2013, 116.69 
,,,5/30/2013, 114.55 
,,,5/31/2013, 115.13 
,,,6/3/2013, 114.75 
,,,6/4/2013, 116.29 
,,,6/5/2013, 119.78 
,,,6/6/2013, 118.33 
,,,6/7/2013, 119.13 
,,,6/10/2013, 119.79 
,,,6/11/2013, 119.10 
,,,6/12/2013, 117.79 
,,,6/13/2013, 116.95 
,,,6/14/2013, 118.54 
,,,6/17/2013, 119.89 
,,,6/18/2013, 118.34 
,,,6/19/2013, 119.68 
,,,6/20/2013, 118.60 
,,,6/21/2013, 118.44 
,,,6/24/2013, 117.00 
,,,6/25/2013, 116.84 
,,,6/26/2013, 115.48 
,,,6/27/2013, 115.77 
,,,6/28/2013, 116.51 
,,,7/1/2013, 116.97 
,,,7/2/2013, 118.34 
,,,7/3/2013, 119.59 
,,,7/4/2013, 120.11 
,,,7/5/2013, 120.02 
,,,7/8/2013, 120.42 
,,,7/9/2013, 120.95 
,,,7/10/2013, 125.81 
,,,7/11/2013, 128.60 
,,,7/12/2013, 128.37 
,,,7/15/2013, 128.83 
,,,7/16/2013, 128.19 
,,,7/17/2013, 125.39 
,,,7/18/2013, 125.01 
,,,7/19/2013, 124.39 
,,,7/22/2013, 122.82 
,,,7/23/2013, 119.28 
,,,7/24/2013, 119.45 
,,,7/25/2013, 117.85 
,,,7/26/2013, 117.32 
,,,7/29/2013, 118.06 
,,,7/30/2013, 117.76 
,,,7/31/2013, 116.28 
,,,8/1/2013, 117.40 
,,,8/2/2013, 117.94 
,,,8/5/2013, 116.27 
,,,8/6/2013, 114.93 
,,,8/7/2013, 115.45 
,,,8/8/2013,
,,,8/9/2013,
,,,8/12/2013, 115.13 
,,,8/13/2013, 117.16 
,,,8/14/2013, 116.45 
,,,8/15/2013, 116.62 
,,,8/16/2013, 116.43 
,,,8/19/2013, 117.47 
,,,8/20/2013, 115.83 
,,,8/21/2013, 115.42 
,,,8/22/2013, 115.18 
,,,8/23/2013, 116.02 
,,,8/26/2013, 117.30 
,,,8/27/2013, 117.08 
,,,8/28/2013, 121.27 
,,,8/29/2013, 121.69 
,,,8/30/2013, 121.10 
,,,9/2/2013, 120.74 
,,,9/3/2013, 121.57 
,,,9/4/2013, 121.60 
,,,9/5/2013, 121.89 
,,,9/6/2013, 121.33 
,,,9/9/2013, 120.40 
,,,9/10/2013, 117.12 
,,,9/11/2013, 115.39 
,,,9/12/2013, 114.84 
,,,9/13/2013, 116.45 
,,,9/16/2013, 116.18 
,,,9/17/2013, 115.13 
,,,9/18/2013, 112.57 
,,,9/19/2013, 117.51 
,,,9/20/2013, 117.67 
,,,9/23/2013, 115.89 
,,,9/24/2013, 115.05 
,,,9/25/2013, 116.01 
,,,9/26/2013, 115.42 
,,,9/27/2013, 116.37 
,,,9/30/2013, 114.31 
,,,10/1/2013, 113.71 
,,,10/2/2013, 112.39 
,,,10/3/2013, 114.39 
,,,10/4/2013, 114.41 
,,,10/7/2013, 113.09 
,,,10/8/2013, 114.82 
,,,10/9/2013, 115.07 
,,,10/10/2013, 114.88 
,,,10/11/2013, 116.35 
,,,10/14/2013, 115.96 
,,,10/15/2013,
,,,10/16/2013, 115.05 
,,,10/17/2013, 116.10 
,,,10/18/2013, 114.36 
,,,10/21/2013, 115.08 
,,,10/22/2013, 115.14 
,,,10/23/2013, 114.01 
,,,10/24/2013, 113.05 
,,,10/25/2013, 112.29 
,,,10/28/2013, 113.07 
,,,10/29/2013, 114.30 
,,,10/30/2013, 113.97 
,,,10/31/2013, 114.32 
,,,11/1/2013, 114.74 
,,,11/4/2013, 112.16 
,,,11/5/2013, 111.38 
,,,11/6/2013, 111.61 
,,,11/7/2013, 111.74 
,,,11/8/2013, 112.19 
,,,11/11/2013, 113.44 
,,,11/12/2013, 113.56 
,,,11/13/2013, 113.51 
,,,11/14/2013, 115.98 
,,,11/15/2013, 116.96 
,,,11/18/2013, 115.66 
,,,11/19/2013, 115.47 
,,,11/20/2013, 114.89 
,,,11/21/2013, 116.11 
,,,11/22/2013, 118.03 
,,,11/25/2013, 116.69 
,,,11/26/2013, 116.94 
,,,11/27/2013, 117.19 
,,,11/28/2013, 117.48 
,,,11/29/2013, 116.92 
,,,12/2/2013, 115.84 
,,,12/3/2013, 116.85 
,,,12/4/2013, 118.25 
,,,12/5/2013, 117.73 
,,,12/6/2013, 118.34 
,,,12/9/2013, 119.16 
,,,12/10/2013, 117.85 
,,,12/11/2013, 117.60 
,,,12/12/2013, 117.95 
,,,12/13/2013, 116.59 
,,,12/16/2013, 116.97 
,,,12/17/2013, 117.57 
,,,12/18/2013, 117.11 
,,,12/19/2013, 118.04 
,,,12/20/2013, 119.40 
,,,12/23/2013, 121.18 
,,,12/24/2013, 120.77 
,,,12/26/2013, 121.98 
,,,12/27/2013, 121.92 
,,,12/30/2013, 122.72 
,,,12/31/2013, 121.31 
,,,1/2/2014, 122.31 
,,,1/3/2014, 119.61 
,,,1/6/2014, 117.92 
,,,1/7/2014, 118.02 
,,,1/8/2014, 118.20 
,,,1/9/2014, 117.91 
,,,1/10/2014, 117.71 
,,,1/13/2014, 118.43 
,,,1/14/2014, 117.22 
,,,1/15/2014, 116.42 
,,,1/16/2014, 116.93 
,,,1/17/2014, 116.16 
,,,1/20/2014, 116.25 
,,,1/21/2014, 117.65 
,,,1/22/2014, 117.62 
,,,1/23/2014, 118.87 
,,,1/24/2014, 118.58 
,,,1/27/2014, 118.38 
,,,1/28/2014, 117.50 
,,,1/29/2014, 117.65 
,,,1/30/2014, 118.27 
,,,1/31/2014,
,,,2/3/2014, 116.02 
,,,2/4/2014, 115.51 
,,,2/5/2014, 115.54 
,,,2/6/2014, 115.92 
,,,2/7/2014, 117.14 
,,,2/10/2014, 119.78 
,,,2/11/2014, 120.14 
,,,2/12/2014, 120.74 
,,,2/13/2014, 120.14 
,,,2/14/2014, 120.46 
,,,2/17/2014, 121.32 
,,,2/18/2014, 121.02 
,,,2/19/2014, 121.68 
,,,2/20/2014, 120.78 
,,,2/21/2014, 121.45 
,,,2/24/2014, 121.44 
,,,2/25/2014, 122.14 
,,,2/26/2014, 121.05 
,,,2/27/2014, 120.97 
,,,2/28/2014, 120.87 
,,,3/3/2014, 123.07 
,,,3/4/2014, 121.64 
,,,3/5/2014, 121.36 
,,,3/6/2014, 120.14 
,,,3/7/2014, 121.16 
,,,3/10/2014, 121.08 
,,,3/11/2014, 121.10 
,,,3/12/2014, 120.22 
,,,3/13/2014, 120.00 
,,,3/14/2014, 119.36 
,,,3/17/2014, 118.84 
,,,3/18/2014, 117.21 
,,,3/19/2014, 117.45 
,,,3/20/2014, 116.61 
,,,3/21/2014, 118.34 
,,,3/24/2014, 118.05 
,,,3/25/2014, 117.65 
,,,3/26/2014, 117.61 
,,,3/27/2014, 117.68 
,,,3/28/2014, 119.34 
,,,3/31/2014, 118.76 
,,,4/1/2014, 119.40 
,,,4/2/2014, 117.34 
,,,4/3/2014, 116.93 
,,,4/4/2014, 119.13 
,,,4/7/2014, 119.81 
,,,4/8/2014, 120.12 
,,,4/9/2014, 120.99 
,,,4/10/2014, 121.57 
,,,4/11/2014, 121.53 
,,,4/14/2014, 122.75 
,,,4/15/2014, 122.72 
,,,4/16/2014, 122.55 
,,,4/17/2014, 123.50 
,,,4/21/2014, 123.58 
,,,4/22/2014, 123.54 
,,,4/23/2014, 123.10 
,,,4/24/2014, 123.21 
,,,4/25/2014, 123.46 
,,,4/28/2014, 122.70 
,,,4/29/2014, 120.74 
,,,4/30/2014, 120.43 
,,,5/1/2014,
,,,5/2/2014, 119.25 
,,,5/5/2014, 118.65 
,,,5/6/2014, 117.39 
,,,5/7/2014, 116.84 
,,,5/8/2014, 119.01 
,,,5/9/2014, 120.61 
,,,5/12/2014, 120.59 
,,,5/13/2014,
,,,5/14/2014, 121.74 
,,,5/15/2014, 121.68 
,,,5/16/2014, 122.02 
,,,5/19/2014, 122.99 
,,,5/20/2014, 122.68 
,,,5/21/2014, 121.95 
,,,5/22/2014, 122.61 
,,,5/23/2014, 123.59 
,,,5/26/2014, 123.58 
,,,5/27/2014, 123.54 
,,,5/28/2014, 123.23 
,,,5/29/2014, 123.46 
,,,5/30/2014, 123.15 
,,,6/2/2014, 121.72 
,,,6/3/2014, 120.30 
,,,6/4/2014, 119.83 
,,,6/5/2014, 118.78 
,,,6/6/2014, 120.30 
,,,6/9/2014, 119.51 
,,,6/10/2014, 120.34 
,,,6/11/2014, 119.74 
,,,6/12/2014, 121.07 
,,,6/13/2014, 123.67 
,,,6/16/2014, 122.43 
,,,6/17/2014, 124.41 
,,,6/18/2014, 126.18 
,,,6/19/2014, 126.72 
,,,6/20/2014, 127.26 
,,,6/23/2014, 127.71 
,,,6/24/2014, 125.90 
,,,6/25/2014, 126.98 
,,,6/26/2014, 127.62 
,,,6/27/2014, 128.80 
,,,6/30/2014, 129.32 
,,,7/1/2014, 129.37 
,,,7/2/2014, 127.55 
,,,7/3/2014, 125.63 
,,,7/4/2014, 126.92 
,,,7/7/2014, 125.46 
,,,7/8/2014, 124.39 
,,,7/9/2014, 123.55 
,,,7/10/2014, 123.09 
,,,7/11/2014, 124.35 
,,,7/14/2014, 123.15 
,,,7/15/2014, 123.48 
,,,7/16/2014, 123.13 
,,,7/17/2014, 121.31 
,,,7/18/2014, 121.20 
,,,7/21/2014, 119.62 
,,,7/22/2014, 120.32 
,,,7/23/2014, 118.98 
,,,7/24/2014, 117.81 
,,,7/25/2014, 117.03 
,,,7/28/2014,
,,,7/29/2014, 116.69 
,,,7/30/2014, 116.41 
,,,7/31/2014, 114.28 
,,,8/1/2014, 113.84 
,,,8/4/2014, 111.06 
,,,8/5/2014, 110.69 
,,,8/6/2014, 111.48 
,,,8/7/2014, 111.73 
,,,8/8/2014, 113.12 
,,,8/11/2014, 111.91 
,,,8/12/2014, 112.16 
,,,8/13/2014, 111.10 
,,,8/14/2014, 110.55 
,,,8/15/2014, 108.43 
,,,8/18/2014, 108.88 
,,,8/19/2014, 109.47 
,,,8/20/2014, 110.52 
,,,8/21/2014, 109.74 
,,,8/22/2014, 111.73 
,,,8/25/2014, 111.41 
,,,8/26/2014, 112.22 
,,,8/27/2014, 112.30 
,,,8/28/2014, 112.86 
,,,8/29/2014, 113.06 
,,,9/1/2014, 112.57 
,,,9/2/2014, 111.97 
,,,9/3/2014, 111.37 
,,,9/4/2014, 112.88 
,,,9/5/2014, 112.52 
,,,9/8/2014, 110.60 
,,,9/9/2014, 110.53 
,,,9/10/2014, 110.99 
,,,9/11/2014, 110.39 
,,,9/12/2014, 111.76 
,,,9/15/2014, 110.03 
,,,9/16/2014, 110.14 
,,,9/17/2014, 110.64 
,,,9/18/2014, 110.10 
,,,9/19/2014, 108.68 
,,,9/22/2014, 108.48 
,,,9/23/2014, 108.52 
,,,9/24/2014, 109.82 
,,,9/25/2014, 110.58 
,,,9/26/2014, 110.09 
,,,9/29/2014, 109.02 
,,,9/30/2014, 111.04 
,,,10/1/2014, 108.72 
,,,10/2/2014, 107.84 
,,,10/3/2014, 108.59 
,,,10/6/2014,
,,,10/7/2014, 107.38 
,,,10/8/2014, 105.84 
,,,10/9/2014, 105.82 
,,,10/10/2014, 101.74 
,,,10/13/2014, 100.42 
,,,10/14/2014, 100.91 
,,,10/15/2014, 97.66 
,,,10/16/2014, 97.29 
,,,10/17/2014, 99.65 
,,,10/20/2014, 98.82 
,,,10/21/2014, 97.91 
,,,10/22/2014,
,,,10/23/2014, 96.11 
,,,10/24/2014, 97.33 
,,,10/27/2014, 97.78 
,,,10/28/2014, 96.87 
,,,10/29/2014, 98.29 
,,,10/30/2014, 100.07 
,,,10/31/2014, 99.52 
,,,11/3/2014, 96.48 
,,,11/4/2014, 93.38 
,,,11/5/2014, 91.52 
,,,11/6/2014, 93.11 
,,,11/7/2014, 93.93 
,,,11/10/2014, 94.63 
,,,11/11/2014, 92.10 
,,,11/12/2014, 91.30 
,,,11/13/2014, 90.37 
,,,11/14/2014, 87.69 
,,,11/17/2014, 87.91 
,,,11/18/2014, 88.35 
,,,11/19/2014, 87.90 
,,,11/20/2014, 87.48 
,,,11/21/2014, 89.45 
,,,11/24/2014, 91.93 
,,,11/25/2014, 91.42 
,,,11/26/2014, 89.73 
,,,11/27/2014, 87.23 
,,,11/28/2014, 82.86 
,,,12/1/2014, 79.08 
,,,12/2/2014, 82.06 
,,,12/3/2014, 80.01 
,,,12/4/2014, 78.52 
,,,12/5/2014, 76.75 
,,,12/8/2014, 75.66 
,,,12/9/2014, 73.35 
,,,12/10/2014, 73.43 
,,,12/11/2014, 72.02 
,,,12/12/2014, 70.65 
,,,12/15/2014, 70.44 
,,,12/16/2014, 67.08 
,,,12/17/2014, 67.10 
,,,12/18/2014, 69.27 
,,,12/19/2014, 67.78 
,,,12/22/2014, 71.01 
,,,12/23/2014, 68.46 
,,,12/24/2014, 70.31 
,,,12/29/2014, 68.16 
,,,12/30/2014, 64.48 
,,,12/31/2014, 64.58 
,,,1/2/2015, 65.58 
,,,1/5/2015, 62.67 
,,,1/6/2015, 59.82 
,,,1/7/2015, 57.36 
,,,1/8/2015, 58.12 
,,,1/9/2015, 57.89 
,,,1/12/2015, 55.40 
,,,1/13/2015, 52.69 
,,,1/14/2015, 53.51 
,,,1/15/2015, 56.52 
,,,1/16/2015, 56.64 
,,,1/19/2015, 57.48 
,,,1/20/2015, 56.39 
,,,1/21/2015, 56.38 
,,,1/22/2015, 56.14 
,,,1/23/2015, 57.54 
,,,1/26/2015, 56.04 
,,,1/27/2015, 55.73 
,,,1/28/2015, 57.47 
,,,1/29/2015, 57.59 
,,,1/30/2015, 58.79 
,,,2/2/2015, 61.89 
,,,2/3/2015, 66.94 
,,,2/4/2015, 68.70 
,,,2/5/2015, 64.86 
,,,2/6/2015, 68.21 
,,,2/9/2015, 69.85 
,,,2/10/2015, 69.55 
,,,2/11/2015, 68.90 
,,,2/12/2015, 68.54 
,,,2/13/2015, 72.29 
,,,2/16/2015, 72.63 
,,,2/17/2015, 73.54 
,,,2/18/2015, 73.48 
,,,2/19/2015,
,,,2/20/2015,
,,,2/23/2015, 72.62 
,,,2/24/2015, 71.37 
,,,2/25/2015, 71.81 
,,,2/26/2015, 76.49 
,,,2/27/2015, 76.63 
,,,3/2/2015, 77.56 
,,,3/3/2015, 76.25 
,,,3/4/2015, 77.31 
,,,3/5/2015, 76.93 
,,,3/6/2015, 77.04 
,,,3/9/2015, 75.96 
,,,3/10/2015, 76.24 
,,,3/11/2015, 74.12 
,,,3/12/2015, 74.70 
,,,3/13/2015, 73.34 
,,,3/16/2015, 70.65 
,,,3/17/2015, 69.59 
,,,3/18/2015, 69.29 
,,,3/19/2015, 71.48 
,,,3/20/2015, 71.37 
,,,3/23/2015, 71.74 
,,,3/24/2015, 72.69 
,,,3/25/2015, 72.52 
,,,3/26/2015, 76.66 
,,,3/27/2015, 75.29 
,,,3/30/2015, 72.67 
,,,3/31/2015, 71.11 
,,,4/1/2015, 70.21 
,,,4/2/2015, 71.50 
,,,4/6/2015, 69.84 
,,,4/7/2015, 71.47 
,,,4/8/2015, 72.30 
,,,4/9/2015, 68.39 
,,,4/10/2015, 69.72 
,,,4/13/2015, 72.59 
,,,4/14/2015, 72.97 
,,,4/15/2015, 74.77 
,,,4/16/2015, 78.14 
,,,4/17/2015, 77.95 
,,,4/20/2015, 77.94 
,,,4/21/2015, 76.84 
,,,4/22/2015, 75.50 
,,,4/23/2015, 77.70 
,,,4/24/2015, 82.03 
,,,4/27/2015, 82.18 
,,,4/28/2015, 81.57 
,,,4/29/2015, 80.62 
,,,4/30/2015, 82.30 
,,,5/1/2015,
,,,5/4/2015, 83.39 
,,,5/5/2015, 82.98 
,,,5/6/2015, 84.53 
,,,5/7/2015, 83.20 
,,,5/8/2015, 81.57 
,,,5/11/2015, 83.27 
,,,5/12/2015, 82.81 
,,,5/13/2015, 85.03 
,,,5/14/2015, 84.03 
,,,5/15/2015, 85.24 
,,,5/18/2015, 86.53 
,,,5/19/2015, 85.30 
,,,5/20/2015, 84.37 
,,,5/21/2015, 84.07 
,,,5/22/2015, 85.39 
,,,5/25/2015, 84.15 
,,,5/26/2015, 83.45 
,,,5/27/2015, 82.20 
,,,5/28/2015, 80.21 
,,,5/29/2015, 82.94 
,,,6/1/2015,
,,,6/2/2015, 85.04 
,,,6/3/2015, 83.66 
,,,6/4/2015, 82.77 
,,,6/5/2015, 81.09 
,,,6/8/2015, 84.19 
,,,6/9/2015, 84.55 
,,,6/10/2015, 88.14 
,,,6/11/2015, 88.08 
,,,6/12/2015, 86.10 
,,,6/15/2015, 85.47 
,,,6/16/2015, 86.00 
,,,6/17/2015, 86.80 
,,,6/18/2015, 86.12 
,,,6/19/2015, 84.39 
,,,6/22/2015, 82.09 
,,,6/23/2015, 81.38 
,,,6/24/2015, 83.28 
,,,6/25/2015, 82.05 
,,,6/26/2015, 81.20 
,,,6/29/2015, 79.98 
,,,6/30/2015, 80.90 
,,,7/1/2015, 80.26 
,,,7/2/2015, 78.13 
,,,7/3/2015, 78.55 
,,,7/6/2015, 76.88 
,,,7/7/2015, 75.58 
,,,7/8/2015, 75.45 
,,,7/9/2015, 79.33 
,,,7/10/2015, 80.21 
,,,7/13/2015, 78.26 
,,,7/14/2015, 76.79 
,,,7/15/2015, 76.79 
,,,7/16/2015, 75.97 
,,,7/17/2015,
,,,7/20/2015, 76.28 
,,,7/21/2015, 75.28 
,,,7/22/2015, 74.74 
,,,7/23/2015, 73.95 
,,,7/24/2015, 74.28 
,,,7/27/2015, 73.98 
,,,7/28/2015, 72.16 
,,,7/29/2015, 71.51 
,,,7/30/2015, 72.58 
,,,7/31/2015, 73.86 
,,,8/3/2015, 71.96 
,,,8/4/2015, 70.67 
,,,8/5/2015, 72.20 
,,,8/6/2015, 71.56 
,,,8/7/2015,
,,,8/10/2015,
,,,8/11/2015, 71.13 
,,,8/12/2015, 70.21 
,,,8/13/2015, 70.70 
,,,8/14/2015, 69.74 
,,,8/17/2015, 67.32 
,,,8/18/2015, 66.84 
,,,8/19/2015, 66.28 
,,,8/20/2015, 63.03 
,,,8/21/2015, 61.83 
,,,8/24/2015, 59.76 
,,,8/25/2015, 58.70 
,,,8/26/2015, 58.08 
,,,8/27/2015, 58.93 
,,,8/28/2015, 61.77 
,,,8/31/2015, 63.38 
,,,9/1/2015, 66.74 
,,,9/2/2015, 64.40 
,,,9/3/2015, 66.24 
,,,9/4/2015, 67.10 
,,,9/7/2015, 66.43 
,,,9/8/2015, 65.49 
,,,9/9/2015, 66.30 
,,,9/10/2015, 64.11 
,,,9/11/2015,
,,,9/14/2015, 64.19 
,,,9/15/2015, 62.23 
,,,9/16/2015, 64.27 
,,,9/17/2015, 65.32 
,,,9/18/2015, 65.01 
,,,9/21/2015, 64.04 
,,,9/22/2015, 65.13 
,,,9/23/2015, 67.52 
,,,9/24/2015,
,,,9/25/2015, 65.37 
,,,9/28/2015, 65.68 
,,,9/29/2015, 64.45 
,,,9/30/2015, 64.70 
,,,10/1/2015, 67.42 
,,,10/2/2015, 66.06 
,,,10/5/2015, 65.77 
,,,10/6/2015, 65.54 
,,,10/7/2015, 67.30 
,,,10/8/2015, 65.40 
,,,10/9/2015, 65.61 
,,,10/12/2015, 66.28 
,,,10/13/2015, 64.68 
,,,10/14/2015, 63.89 
,,,10/15/2015, 63.94 
,,,10/16/2015, 63.94 
,,,10/19/2015, 62.37 
,,,10/20/2015, 59.64 
,,,10/21/2015, 59.16 
,,,10/22/2015, 60.74 
,,,10/23/2015, 61.28 
,,,10/26/2015, 60.91 
,,,10/27/2015, 60.28 
,,,10/28/2015, 60.53 
,,,10/29/2015, 62.28 
,,,10/30/2015, 61.63 
,,,11/2/2015, 61.80 
,,,11/3/2015, 60.69 
,,,11/4/2015, 62.00 
,,,11/5/2015, 60.70 
,,,11/6/2015, 61.06 
,,,11/9/2015, 60.30 
,,,11/10/2015,
,,,11/11/2015, 59.61 
,,,11/12/2015, 59.60 
,,,11/13/2015, 58.30 
,,,11/16/2015, 57.55 
,,,11/17/2015, 56.59 
,,,11/18/2015, 56.82 
,,,11/19/2015, 57.40 
,,,11/20/2015, 57.21 
,,,11/23/2015, 56.41 
,,,11/24/2015, 58.46 
,,,11/25/2015, 60.07 
,,,11/26/2015, 59.50 
,,,11/27/2015, 59.02 
,,,11/30/2015, 58.90 
,,,12/1/2015, 58.63 
,,,12/2/2015, 58.28 
,,,12/3/2015, 56.45 
,,,12/4/2015, 57.11 
,,,12/7/2015, 56.27 
,,,12/8/2015, 54.33 
,,,12/9/2015, 54.63 
,,,12/10/2015, 56.02 
,,,12/11/2015, 57.26 
,,,12/14/2015, 57.68 
,,,12/15/2015, 54.79 
,,,12/16/2015, 55.57 
,,,12/17/2015, 55.00 
,,,12/18/2015, 56.45 
,,,12/21/2015, 55.22 
,,,12/22/2015, 53.72 
,,,12/23/2015, 52.62 
,,,12/24/2015, 55.57 
,,,12/28/2015, 54.79 
,,,12/29/2015, 54.08 
,,,12/30/2015, 54.93 
,,,12/31/2015, 55.05 
,,,1/4/2016, 55.70 
,,,1/5/2016, 56.84 
,,,1/6/2016, 54.90 
,,,1/7/2016, 51.13 
,,,1/8/2016, 52.98 
,,,1/11/2016, 51.01 
,,,1/12/2016, 51.31 
,,,1/13/2016, 50.74 
,,,1/14/2016, 49.76 
,,,1/15/2016, 48.95 
,,,1/18/2016, 46.68 
,,,1/19/2016, 48.30 
,,,1/20/2016, 47.02 
,,,1/21/2016, 47.31 
,,,1/22/2016, 49.85 
,,,1/25/2016, 50.16 
,,,1/26/2016, 47.45 
,,,1/27/2016, 48.37 
,,,1/28/2016, 49.11 
,,,1/29/2016, 50.88 
,,,2/1/2016, 49.91 
,,,2/2/2016, 47.34 
,,,2/3/2016, 43.37 
,,,2/4/2016, 46.16 
,,,2/5/2016, 45.26 
,,,2/8/2016,
,,,2/9/2016,
,,,2/10/2016, 39.31 
,,,2/11/2016, 39.97 
,,,2/12/2016, 42.98 
,,,2/15/2016, 45.61 
,,,2/16/2016, 46.41 
,,,2/17/2016, 42.15 
,,,2/18/2016, 43.97 
,,,2/19/2016, 43.11 
,,,2/22/2016, 43.44 
,,,2/23/2016, 43.72 
,,,2/24/2016, 43.32 
,,,2/25/2016, 45.32 
,,,2/26/2016, 48.05 
,,,2/29/2016, 46.30 
,,,3/1/2016, 48.36 
,,,3/2/2016, 47.54 
,,,3/3/2016, 48.06 
,,,3/4/2016, 48.59 
,,,3/7/2016, 50.95 
,,,3/8/2016, 52.30 
,,,3/9/2016, 52.50 
,,,3/10/2016, 54.92 
,,,3/11/2016, 55.21 
,,,3/14/2016, 54.02 
,,,3/15/2016, 52.15 
,,,3/16/2016, 52.34 
,,,3/17/2016, 54.02 
,,,3/18/2016, 54.15 
,,,3/21/2016, 53.62 
,,,3/22/2016, 54.85 
,,,3/23/2016, 55.93 
,,,3/24/2016, 54.16 
,,,3/28/2016, 55.36 
,,,3/29/2016, 54.45 
,,,3/30/2016, 54.45 
,,,3/31/2016, 53.05 
,,,4/1/2016, 52.45 
,,,4/4/2016, 51.14 
,,,4/5/2016, 50.52 
,,,4/6/2016, 51.22 
,,,4/7/2016, 52.20 
,,,4/8/2016, 53.28 
,,,4/11/2016, 54.62 
,,,4/12/2016, 56.20 
,,,4/13/2016, 55.74 
,,,4/14/2016, 55.16 
,,,4/15/2016, 54.35 
,,,4/18/2016, 51.54 
,,,4/19/2016, 52.66 
,,,4/20/2016, 53.48 
,,,4/21/2016, 55.76 
,,,4/22/2016, 55.88 
,,,4/25/2016, 55.91 
,,,4/26/2016, 56.69 
,,,4/27/2016, 59.06 
,,,4/28/2016, 58.81 
,,,4/29/2016, 59.67 
,,,5/2/2016,
,,,5/3/2016, 57.34 
,,,5/4/2016, 56.22 
,,,5/5/2016, 56.58 
,,,5/6/2016, 55.53 
,,,5/9/2016, 56.59 
,,,5/10/2016, 55.43 
,,,5/11/2016, 56.04 
,,,5/12/2016, 59.07 
,,,5/13/2016, 58.57 
,,,5/16/2016, 60.22 
,,,5/17/2016, 60.55 
,,,5/18/2016, 61.02 
,,,5/19/2016, 59.97 
,,,5/20/2016, 60.84 
,,,5/23/2016, 60.33 
,,,5/24/2016, 61.63 
,,,5/25/2016, 62.14 
,,,5/26/2016, 61.94 
,,,5/27/2016, 60.54 
,,,5/30/2016, 61.04 
,,,5/31/2016, 60.88 
,,,6/1/2016, 59.90 
,,,6/2/2016, 60.83 
,,,6/3/2016, 60.59 
,,,6/6/2016, 60.18 
,,,6/7/2016, 59.38 
,,,6/8/2016, 59.63 
,,,6/9/2016, 61.78 
,,,6/10/2016, 61.28 
,,,6/13/2016, 59.40 
,,,6/14/2016, 58.29 
,,,6/15/2016, 57.51 
,,,6/16/2016, 57.15 
,,,6/17/2016, 57.03 
,,,6/20/2016, 58.95 
,,,6/21/2016, 59.88 
,,,6/22/2016, 60.81 
,,,6/23/2016, 59.98 
,,,6/24/2016, 58.23 
,,,6/27/2016, 58.09 
,,,6/28/2016, 56.93 
,,,6/29/2016, 57.49 
,,,6/30/2016, 57.80 
,,,7/1/2016, 56.18 
,,,7/4/2016, 57.39 
,,,7/5/2016, 55.79 
,,,7/6/2016,
,,,7/7/2016, 53.66 
,,,7/8/2016, 50.75 
,,,7/11/2016, 50.02 
,,,7/12/2016, 52.18 
,,,7/13/2016, 52.12 
,,,7/14/2016, 51.90 
,,,7/15/2016, 52.78 
,,,7/18/2016, 53.61 
,,,7/19/2016, 52.05 
,,,7/20/2016, 50.86 
,,,7/21/2016, 51.55 
,,,7/22/2016, 51.04 
,,,7/25/2016, 51.02 
,,,7/26/2016, 49.43 
,,,7/27/2016, 50.16 
,,,7/28/2016, 48.89 
,,,7/29/2016, 47.40 
,,,8/1/2016, 48.59 
,,,8/2/2016, 47.86 
,,,8/3/2016, 47.67 
,,,8/4/2016, 49.57 
,,,8/5/2016, 50.10 
,,,8/8/2016, 50.89 
,,,8/9/2016,
,,,8/10/2016, 50.84 
,,,8/11/2016, 49.35 
,,,8/12/2016, 52.75 
,,,8/15/2016, 54.41 
,,,8/16/2016, 55.91 
,,,8/17/2016, 55.80 
,,,8/18/2016, 57.44 
,,,8/19/2016, 57.95 
,,,8/22/2016, 57.82 
,,,8/23/2016, 56.27 
,,,8/24/2016, 57.16 
,,,8/25/2016, 57.60 
,,,8/26/2016, 59.00 
,,,8/29/2016, 59.55 
,,,8/30/2016, 59.20 
,,,8/31/2016, 57.35 
,,,9/1/2016, 56.65 
,,,9/2/2016, 55.15 
,,,9/5/2016, 57.74 
,,,9/6/2016, 56.71 
,,,9/7/2016, 57.35 
,,,9/8/2016, 59.77 
,,,9/9/2016, 60.43 
,,,9/12/2016,
,,,9/13/2016, 58.42 
,,,9/14/2016, 58.20 
,,,9/15/2016, 57.35 
,,,9/16/2016, 58.39 
,,,9/19/2016, 58.40 
,,,9/20/2016, 56.63 
,,,9/21/2016, 57.95 
,,,9/22/2016, 58.40 
,,,9/23/2016, 58.55 
,,,9/26/2016, 56.95 
,,,9/27/2016, 57.65 
,,,9/28/2016, 58.24 
,,,9/29/2016, 60.20 
,,,9/30/2016, 59.93 
,,,10/3/2016, 59.93 
,,,10/4/2016, 60.05 
,,,10/5/2016, 61.77 
,,,10/6/2016, 60.87 
,,,10/7/2016, 62.23 
,,,10/10/2016, 61.47 
,,,10/11/2016, 62.48 
,,,10/12/2016, 62.92 
,,,10/13/2016, 62.07 
,,,10/14/2016, 63.77 
,,,10/17/2016, 63.54 
,,,10/18/2016, 63.97 
,,,10/19/2016, 64.66 
,,,10/20/2016, 64.55 
,,,10/21/2016, 64.17 
,,,10/24/2016, 65.36 
,,,10/25/2016, 65.32 
,,,10/26/2016, 63.90 
,,,10/27/2016, 64.45 
,,,10/28/2016, 63.84 
,,,10/31/2016, 62.27 
,,,11/1/2016, 63.36 
,,,11/2/2016, 60.03 
,,,11/3/2016, 59.26 
,,,11/4/2016, 59.04 
,,,11/7/2016, 58.18 
,,,11/8/2016, 57.73 
,,,11/9/2016, 57.52 
,,,11/10/2016, 58.44 
,,,11/11/2016, 57.88 
,,,11/14/2016, 56.35 
,,,11/15/2016, 55.96 
,,,11/16/2016, 57.66 
,,,11/17/2016, 57.84 
,,,11/18/2016, 57.68 
,,,11/21/2016, 59.37 
,,,11/22/2016, 61.16 
,,,11/23/2016, 60.94 
,,,11/24/2016, 61.27 
,,,11/25/2016, 60.59 
,,,11/28/2016, 58.43 
,,,11/29/2016, 59.82 
,,,11/30/2016, 58.53 
,,,12/1/2016, 62.12 
,,,12/2/2016, 63.95 
,,,12/5/2016, 65.30 
,,,12/6/2016, 65.43 
,,,12/7/2016, 64.34 
,,,12/8/2016, 63.86 
,,,12/9/2016, 65.31 
,,,12/12/2016, 67.68 
,,,12/13/2016, 66.46 
,,,12/14/2016, 66.12 
,,,12/15/2016, 66.10 
,,,12/16/2016, 65.77 
,,,12/19/2016, 67.64 
,,,12/20/2016, 66.88 
,,,12/21/2016, 68.14 
,,,12/22/2016, 68.43 
,,,12/23/2016, 68.11 
,,,12/27/2016, 68.87 
,,,12/28/2016, 69.43 
,,,12/29/2016, 70.04 
,,,12/30/2016, 70.70 
,,,1/3/2017, 70.86 
,,,1/4/2017, 69.86 
,,,1/5/2017, 70.35 
,,,1/6/2017, 70.03 
,,,1/9/2017, 69.69 
,,,1/10/2017, 67.79 
,,,1/11/2017, 66.70 
,,,1/12/2017, 68.97 
,,,1/13/2017, 70.65 
,,,1/16/2017, 69.84 
,,,1/17/2017, 70.24 
,,,1/18/2017, 70.45 
,,,1/19/2017, 68.83 
,,,1/20/2017, 68.89 
,,,1/23/2017, 69.45 
,,,1/24/2017, 69.78 
,,,1/25/2017, 68.92 
,,,1/26/2017, 69.28 
,,,1/27/2017, 70.12 
,,,1/30/2017,
,,,1/31/2017, 69.30 
,,,2/1/2017, 71.03 
,,,2/2/2017, 71.95 
,,,2/3/2017, 70.57 
,,,2/6/2017, 71.17 
,,,2/7/2017, 69.92 
,,,2/8/2017, 69.00 
,,,2/9/2017, 71.14 
,,,2/10/2017, 71.61 
,,,2/13/2017, 72.00 
,,,2/14/2017, 71.34 
,,,2/15/2017, 70.99 
,,,2/16/2017, 70.74 
,,,2/17/2017, 68.17 
,,,2/20/2017, 69.05 
,,,2/21/2017, 69.20 
,,,2/22/2017, 67.15 
,,,2/23/2017, 68.14 
,,,2/24/2017, 68.56 
,,,2/27/2017, 68.88 
,,,2/28/2017, 67.68 
,,,3/1/2017, 66.78 
,,,3/2/2017, 65.39 
,,,3/3/2017, 65.13 
,,,3/6/2017, 64.69 
,,,3/7/2017, 66.53 
,,,3/8/2017, 66.95 
,,,3/9/2017, 65.60 
,,,3/10/2017, 64.60 
,,,3/13/2017, 63.19 
,,,3/14/2017, 62.64 
,,,3/15/2017, 62.37 
,,,3/16/2017, 63.09 
,,,3/17/2017, 62.95 
,,,3/20/2017, 62.75 
,,,3/21/2017, 63.75 
,,,3/22/2017, 62.95 
,,,3/23/2017, 63.30 
,,,3/24/2017, 63.03 
,,,3/27/2017, 62.76 
,,,3/28/2017, 63.52 
,,,3/29/2017, 64.70 
,,,3/30/2017, 65.60 
,,,3/31/2017, 66.27 
,,,4/3/2017, 67.19 
,,,4/4/2017, 66.91 
,,,4/5/2017, 68.32 
,,,4/6/2017, 67.89 
,,,4/7/2017, 69.05 
,,,4/10/2017, 68.55 
,,,4/11/2017, 69.24 
,,,4/12/2017, 70.06 
,,,4/13/2017, 69.71 
,,,4/17/2017, 68.90 
,,,4/18/2017, 68.73 
,,,4/19/2017, 68.60 
,,,4/20/2017, 67.44 
,,,4/21/2017, 67.87 
,,,4/24/2017, 66.66 
,,,4/25/2017, 65.79 
,,,4/26/2017, 65.51 
,,,4/27/2017, 64.24 
,,,4/28/2017, 64.60 
,,,5/1/2017,
,,,5/2/2017, 63.55 
,,,5/3/2017, 63.10 
,,,5/4/2017, 62.03 
,,,5/5/2017, 60.55 
,,,5/8/2017, 61.75 
,,,5/9/2017, 62.65 
,,,5/10/2017,
,,,5/11/2017, 64.26 
,,,5/12/2017, 64.04 
,,,5/15/2017, 65.45 
,,,5/16/2017, 64.81 
,,,5/17/2017, 64.70 
,,,5/18/2017, 64.97 
,,,5/19/2017, 65.99 
,,,5/22/2017, 66.80 
,,,5/23/2017, 66.13 
,,,5/24/2017, 66.94 
,,,5/25/2017, 66.49 
,,,5/26/2017, 64.72 
,,,5/29/2017, 65.00 
,,,5/30/2017, 64.92 
,,,5/31/2017, 64.72 
,,,6/1/2017, 64.45 
,,,6/2/2017, 62.53 
,,,6/5/2017, 62.89 
,,,6/6/2017, 62.00 
,,,6/7/2017, 62.51 
,,,6/8/2017, 61.23 
,,,6/9/2017, 60.70 
,,,6/12/2017, 60.85 
,,,6/13/2017, 60.56 
,,,6/14/2017, 59.62 
,,,6/15/2017, 57.76 
,,,6/16/2017, 58.22 
,,,6/19/2017, 58.15 
,,,6/20/2017, 58.07 
,,,6/21/2017, 56.78 
,,,6/22/2017, 56.36 
,,,6/23/2017, 58.29 
,,,6/26/2017,
,,,6/27/2017, 58.16 
,,,6/28/2017, 58.05 
,,,6/29/2017, 59.81 
,,,6/30/2017, 59.58 
,,,7/3/2017, 60.35 
,,,7/4/2017, 61.17 
,,,7/5/2017, 61.16 
,,,7/6/2017, 60.44 
,,,7/7/2017, 60.30 
,,,7/10/2017, 59.54 
,,,7/11/2017, 59.14 
,,,7/12/2017, 61.02 
,,,7/13/2017, 59.70 
,,,7/14/2017, 60.55 
,,,7/17/2017, 61.85 
,,,7/18/2017, 61.32 
,,,7/19/2017, 61.88 
,,,7/20/2017, 63.41 
,,,7/21/2017, 63.80 
,,,7/24/2017, 61.37 
,,,7/25/2017, 61.58 
,,,7/26/2017, 63.29 
,,,7/27/2017, 63.38 
,,,7/28/2017, 65.21 
,,,7/31/2017, 66.28 
,,,8/1/2017, 67.15 
,,,8/2/2017, 65.83 
,,,8/3/2017, 66.25 
,,,8/4/2017, 66.20 
,,,8/7/2017, 66.86 
,,,8/8/2017, 67.67 
,,,8/9/2017,
,,,8/10/2017, 67.87 
,,,8/11/2017, 67.01 
,,,8/14/2017, 67.52 
,,,8/15/2017, 66.67 
,,,8/16/2017, 67.25 
,,,8/17/2017, 66.11 
,,,8/18/2017, 67.27 
,,,8/21/2017, 68.39 
,,,8/22/2017, 67.57 
,,,8/23/2017, 66.41 
,,,8/24/2017, 67.83 
,,,8/25/2017, 68.02 
,,,8/28/2017, 68.93 
,,,8/29/2017, 67.73 
,,,8/30/2017, 69.78 
,,,8/31/2017, 69.83 
,,,9/1/2017,
,,,9/4/2017, 70.36 
,,,9/5/2017, 70.48 
,,,9/6/2017, 70.95 
,,,9/7/2017, 70.46 
,,,9/8/2017, 71.07 
,,,9/11/2017, 70.44 
,,,9/12/2017, 70.19 
,,,9/13/2017, 70.61 
,,,9/14/2017, 70.96 
,,,9/15/2017, 70.99 
,,,9/18/2017, 71.23 
,,,9/19/2017, 70.55 
,,,9/20/2017, 69.84 
,,,9/21/2017, 69.34 
,,,9/22/2017, 69.83 
,,,9/25/2017, 70.20 
,,,9/26/2017, 71.78 
,,,9/27/2017, 70.83 
,,,9/28/2017, 69.93 
,,,9/29/2017, 70.59 
,,,10/2/2017, 69.19 
,,,10/3/2017, 68.02 
,,,10/4/2017, 67.88 
,,,10/5/2017, 69.65 
,,,10/6/2017, 70.16 
,,,10/9/2017, 68.06 
,,,10/10/2017, 68.98 
,,,10/11/2017, 69.28 
,,,10/12/2017, 69.48 
,,,10/13/2017, 69.91 
,,,10/16/2017, 71.19 
,,,10/17/2017, 71.22 
,,,10/18/2017,
,,,10/19/2017, 70.34 
,,,10/20/2017, 69.87 
,,,10/23/2017, 70.20 
,,,10/24/2017, 69.36 
,,,10/25/2017, 71.05 
,,,10/26/2017, 71.10 
,,,10/27/2017, 71.91 
,,,10/30/2017, 73.16 
,,,10/31/2017, 72.76 
,,,11/1/2017, 74.97 
,,,11/2/2017, 73.49 
,,,11/3/2017, 73.84 
,,,11/6/2017, 75.78 
,,,11/7/2017, 77.45 
,,,11/8/2017, 76.67 
,,,11/9/2017, 76.82 
,,,11/10/2017, 77.35 
,,,11/13/2017, 77.13 
,,,11/14/2017, 76.03 
,,,11/15/2017, 74.27 
,,,11/16/2017, 74.54 
,,,11/17/2017, 74.09 
,,,11/20/2017, 75.37 
,,,11/21/2017, 75.18 
,,,11/22/2017, 76.04 
,,,11/23/2017, 75.54 
,,,11/24/2017, 76.12 
,,,11/27/2017, 75.97 
,,,11/28/2017, 76.53 
,,,11/29/2017, 75.93 
,,,11/30/2017, 75.65 
,,,12/1/2017, 75.82 
,,,12/4/2017, 75.55 
,,,12/5/2017, 74.57 
,,,12/6/2017, 74.88 
,,,12/7/2017, 73.80 
,,,12/8/2017, 74.75 
,,,12/11/2017, 75.17 
,,,12/12/2017, 77.32 
,,,12/13/2017, 76.00 
,,,12/14/2017, 74.39 
,,,12/15/2017, 75.30 
,,,12/18/2017, 74.95 
,,,12/19/2017, 74.54 
,,,12/20/2017, 75.04 
,,,12/21/2017, 74.95 
,,,12/22/2017, 75.39 
,,,12/26/2017, 75.51 
,,,12/27/2017, 76.51 
,,,12/28/2017, 76.42 
,,,12/29/2017, 76.44 
,,,1/2/2018, 76.49 
,,,1/3/2018, 75.39 
,,,1/4/2018, 76.66 
,,,1/5/2018, 76.60 
,,,1/8/2018, 76.48 
,,,1/9/2018, 77.40 
,,,1/10/2018, 79.21 
,,,1/11/2018, 78.90 
,,,1/12/2018, 78.06 
,,,1/15/2018, 79.19 
,,,1/16/2018, 79.00 
,,,1/17/2018, 78.34 
,,,1/18/2018, 78.92 
,,,1/19/2018, 78.66 
,,,1/22/2018, 79.08 
,,,1/23/2018, 79.38 
,,,1/24/2018, 79.88 
,,,1/25/2018, 80.73 
,,,1/26/2018, 80.41 
,,,1/29/2018, 81.82 
,,,1/30/2018, 80.82 
,,,1/31/2018, 79.97 
,,,2/1/2018, 81.60 
,,,2/2/2018, 82.86 
,,,2/5/2018, 80.50 
,,,2/6/2018, 78.79 
,,,2/7/2018, 78.67 
,,,2/8/2018, 76.53 
,,,2/9/2018, 76.20 
,,,2/12/2018, 75.33 
,,,2/13/2018, 73.77 
,,,2/14/2018, 73.00 
,,,2/15/2018, 74.96 
,,,2/16/2018,
,,,2/19/2018, 75.62 
,,,2/20/2018, 76.10 
,,,2/21/2018, 74.82 
,,,2/22/2018, 75.23 
,,,2/23/2018, 76.15 
,,,2/26/2018, 77.47 
,,,2/27/2018, 77.77 
,,,2/28/2018, 77.50 
,,,3/1/2018, 76.26 
,,,3/2/2018, 75.04 
,,,3/5/2018, 75.86 
,,,3/6/2018, 76.06 
,,,3/7/2018, 75.90 
,,,3/8/2018, 75.00 
,,,3/9/2018, 74.35 
,,,3/12/2018, 75.42 
,,,3/13/2018, 75.21 
,,,3/14/2018, 74.80 
,,,3/15/2018, 75.39 
,,,3/16/2018, 75.87 
,,,3/19/2018, 76.62 
,,,3/20/2018, 77.15 
,,,3/21/2018, 78.45 
,,,3/22/2018, 79.75 
,,,3/23/2018, 80.49 
,,,3/26/2018, 80.90 
,,,3/27/2018, 80.72 
,,,3/28/2018, 80.15 
,,,3/29/2018, 80.50 
,,,4/2/2018, 80.84 
,,,4/3/2018, 79.04 
,,,4/4/2018, 78.42 
,,,4/5/2018, 79.52 
,,,4/6/2018, 78.92 
,,,4/9/2018, 78.47 
,,,4/10/2018, 80.33 
,,,4/11/2018, 80.82 
,,,4/12/2018, 82.08 
,,,4/13/2018, 82.23 
,,,4/16/2018, 80.86 
,,,4/17/2018, 80.76 
,,,4/18/2018, 81.45 
,,,4/19/2018, 82.72 
,,,4/20/2018, 82.06 
,,,4/23/2018, 83.17 
,,,4/24/2018, 84.78 
,,,4/25/2018, 83.34 
,,,4/26/2018, 83.22 
,,,4/27/2018, 84.21 
,,,4/30/2018, 83.82 
,,,5/1/2018,
,,,5/2/2018, 83.25 
,,,5/3/2018, 82.44 
,,,5/4/2018, 82.20 
,,,5/7/2018, 83.89 
,,,5/8/2018, 83.66 
,,,5/9/2018, 86.18 
,,,5/10/2018, 87.17 
,,,5/11/2018, 87.24 
,,,5/14/2018, 86.67 
,,,5/15/2018, 88.26 
,,,5/16/2018, 89.03 
,,,5/17/2018, 92.25 
,,,5/18/2018, 91.75 
,,,5/21/2018, 91.01 
,,,5/22/2018, 91.96 
,,,5/23/2018, 90.82 
,,,5/24/2018, 91.04 
,,,5/25/2018, 89.74 
,,,5/28/2018, 87.01 
,,,5/29/2018,
,,,5/30/2018, 86.36 
,,,5/31/2018, 87.71 
,,,6/1/2018, 87.92 
,,,6/4/2018, 86.76 
,,,6/5/2018, 85.44 
,,,6/6/2018, 85.45 
,,,6/7/2018, 84.51 
,,,6/8/2018, 85.49 
,,,6/11/2018, 85.40 
,,,6/12/2018, 85.30 
,,,6/13/2018, 83.30 
,,,6/14/2018, 85.08 
,,,6/15/2018,
,,,6/18/2018, 81.18 
,,,6/19/2018, 81.40 
,,,6/20/2018, 81.49 
,,,6/21/2018, 79.78 
,,,6/22/2018, 80.61 
,,,6/25/2018, 81.31 
,,,6/26/2018, 81.27 
,,,6/27/2018, 82.05 
,,,6/28/2018, 83.38 
,,,6/29/2018, 83.94 
,,,7/2/2018, 84.35 
,,,7/3/2018, 82.98 
,,,7/4/2018, 83.50 
,,,7/5/2018, 83.53 
,,,7/6/2018, 83.45 
,,,7/9/2018, 83.93 
,,,7/10/2018, 85.54 
,,,7/11/2018, 84.16 
,,,7/12/2018, 82.08 
,,,7/13/2018, 81.02 
,,,7/16/2018, 83.01 
,,,7/17/2018, 79.64 
,,,7/18/2018, 79.22 
,,,7/19/2018, 80.48 
,,,7/20/2018, 82.01 
,,,7/23/2018, 82.69 
,,,7/24/2018, 83.20 
,,,7/25/2018, 84.54 
,,,7/26/2018, 84.92 
,,,7/27/2018, 84.76 
,,,7/30/2018, 84.99 
,,,7/31/2018, 84.97 
,,,8/1/2018, 83.27 
,,,8/2/2018, 82.00 
,,,8/3/2018, 83.02 
,,,8/6/2018, 83.43 
,,,8/7/2018, 84.54 
,,,8/8/2018, 86.00 
,,,8/9/2018,
,,,8/10/2018, 83.11 
,,,8/13/2018, 84.21 
,,,8/14/2018, 84.43 
,,,8/15/2018, 86.50 
,,,8/16/2018, 84.19 
,,,8/17/2018, 83.50 
,,,8/20/2018, 82.92 
,,,8/21/2018, 83.92 
,,,8/22/2018,
,,,8/23/2018, 85.37 
,,,8/24/2018, 86.16 
,,,8/27/2018, 86.02 
,,,8/28/2018, 86.97 
,,,8/29/2018, 85.75 
,,,8/30/2018, 87.77 
,,,8/31/2018, 88.22 
,,,9/3/2018, 88.71 
,,,9/4/2018, 89.63 
,,,9/5/2018, 87.98 
,,,9/6/2018, 87.56 
,,,9/7/2018, 86.90 
,,,9/10/2018, 87.65 
,,,9/11/2018, 88.23 
,,,9/12/2018, 89.67 
,,,9/13/2018, 89.29 
,,,9/14/2018, 89.00 
,,,9/17/2018, 89.44 
,,,9/18/2018, 88.85 
,,,9/19/2018, 90.09 
,,,9/20/2018, 90.27 
,,,9/21/2018, 89.97 
,,,9/24/2018, 91.24 
,,,9/25/2018, 91.63 
,,,9/26/2018, 91.21 
,,,9/27/2018, 91.87 
,,,9/28/2018, 91.84 
,,,10/1/2018, 92.90 
,,,10/2/2018, 94.49 
,,,10/3/2018, 94.09 
,,,10/4/2018, 93.71 
,,,10/5/2018, 93.45 
,,,10/8/2018, 92.25 
,,,10/9/2018, 93.52 
,,,10/10/2018, 93.40 
,,,10/11/2018, 90.44 
,,,10/12/2018, 90.03 
,,,10/15/2018, 88.77 
,,,10/16/2018, 87.48 
,,,10/17/2018, 87.89 
,,,10/18/2018, 84.72 
,,,10/19/2018, 84.76 
,,,10/22/2018, 85.46 
,,,10/23/2018, 83.46 
,,,10/24/2018, 81.14 
,,,10/25/2018, 81.28 
,,,10/26/2018, 80.75 
,,,10/29/2018, 80.92 
,,,10/30/2018, 81.23 
,,,10/31/2018, 81.46 
,,,11/1/2018, 78.44 
,,,11/2/2018, 76.20 
,,,11/5/2018, 75.42 
,,,11/6/2018,
,,,11/7/2018, 74.35 
,,,11/8/2018, 73.07 
,,,11/9/2018, 71.49 
,,,11/12/2018, 72.43 
,,,11/13/2018, 71.00 
,,,11/14/2018, 67.78 
,,,11/15/2018, 68.50 
,,,11/16/2018, 69.48 
,,,11/19/2018, 70.01 
,,,11/20/2018, 69.85 
,,,11/21/2018, 67.13 
,,,11/22/2018, 66.24 
,,,11/23/2018, 64.56 
,,,11/26/2018, 61.54 
,,,11/27/2018, 61.67 
,,,11/28/2018, 61.58 
,,,11/29/2018, 59.74 
,,,11/30/2018, 60.94 
,,,12/3/2018, 63.71 
,,,12/4/2018, 62.87 
,,,12/5/2018, 61.31 
,,,12/6/2018, 61.84 
,,,12/7/2018, 61.69 
,,,12/10/2018, 62.78 
,,,12/11/2018, 60.57 
,,,12/12/2018, 61.44 
,,,12/13/2018, 60.53 
,,,12/14/2018, 62.95 
,,,12/17/2018, 62.11 
,,,12/18/2018, 60.44 
,,,12/19/2018, 58.42 
,,,12/20/2018, 57.67 
,,,12/21/2018, 56.64 
,,,12/26/2018, 53.40 
,,,12/27/2018, 55.98 
,,,12/28/2018, 55.92 
,,,1/2/2019, 54.96 
,,,1/3/2019, 57.36 
,,,1/4/2019, 60.68 
,,,1/7/2019, 62.26 
,,,1/8/2019, 60.32 
,,,1/9/2019, 60.97 
,,,1/10/2019, 62.00 
,,,1/11/2019, 63.90 
,,,1/14/2019, 61.65 
,,,1/15/2019, 60.82 
,,,1/16/2019, 62.37 
,,,1/17/2019, 62.22 
,,,1/18/2019, 62.58 
,,,1/21/2019, 63.15 
,,,1/22/2019, 62.54 
,,,1/23/2019, 61.76 
,,,1/24/2019, 60.62 
,,,1/25/2019, 61.18 
,,,1/28/2019, 60.61 
,,,1/29/2019, 58.97 
,,,1/30/2019, 60.00 
,,,1/31/2019, 61.67 
,,,2/1/2019, 61.10 
,,,2/4/2019, 64.16 
,,,2/5/2019,
,,,2/6/2019,
,,,2/7/2019, 63.69 
,,,2/8/2019, 62.35 
,,,2/11/2019, 63.66 
,,,2/12/2019, 63.17 
,,,2/13/2019, 64.19 
,,,2/14/2019, 65.45 
,,,2/15/2019, 66.13 
,,,2/18/2019, 68.54 
,,,2/19/2019, 68.22 
,,,2/20/2019, 67.75 
,,,2/21/2019, 68.85 
,,,2/22/2019, 69.79 
,,,2/25/2019, 69.50 
,,,2/26/2019, 67.45 
,,,2/27/2019, 68.96 
,,,2/28/2019, 69.37 
,,,3/1/2019, 70.54 
,,,3/4/2019, 69.51 
,,,3/5/2019, 69.70 
,,,3/6/2019, 71.01 
,,,3/7/2019, 73.33 
,,,3/8/2019, 72.00 
,,,3/11/2019, 73.71 
,,,3/12/2019, 74.32 
,,,3/13/2019, 74.18 
,,,3/14/2019, 76.15 
,,,3/15/2019, 75.34 
,,,3/18/2019, 75.30 
,,,3/19/2019, 76.45 
,,,3/20/2019, 76.31 
,,,3/21/2019, 77.14 
,,,3/22/2019, 76.76 
,,,3/25/2019, 75.85 
,,,3/26/2019, 76.59 
,,,3/27/2019, 77.04 
,,,3/28/2019, 75.50 
,,,3/29/2019, 76.29 
,,,4/1/2019, 77.54 
,,,4/2/2019, 77.70 
,,,4/3/2019, 77.61 
,,,4/4/2019, 77.33 
,,,4/5/2019, 77.20 
,,,4/8/2019, 78.95 
,,,4/9/2019, 79.87 
,,,4/10/2019, 80.80 
,,,4/11/2019, 82.34 
,,,4/12/2019, 82.93 
,,,4/15/2019, 82.37 
,,,4/16/2019, 80.79 
,,,4/17/2019, 82.04 
,,,4/18/2019, 81.69 
,,,4/22/2019, 83.54 
,,,4/23/2019, 83.26 
,,,4/24/2019, 82.32 
,,,4/25/2019, 83.24 
,,,4/26/2019, 82.65 
,,,4/29/2019, 80.96 
,,,4/30/2019, 80.83 
,,,5/1/2019,
,,,5/2/2019, 80.45 
,,,5/3/2019, 78.86 
,,,5/6/2019, 77.49 
,,,5/7/2019, 77.21 
,,,5/8/2019, 74.35 
,,,5/9/2019, 74.59 
,,,5/10/2019, 77.38 
,,,5/13/2019, 78.40 
,,,5/14/2019, 76.50 
,,,5/15/2019, 77.05 
,,,5/16/2019, 79.03 
,,,5/17/2019, 80.74 
,,,5/20/2019,
,,,5/21/2019, 78.75 
,,,5/22/2019, 78.47 
,,,5/23/2019, 76.47 
,,,5/24/2019, 74.84 
,,,5/27/2019, 74.02 
,,,5/28/2019, 74.52 
,,,5/29/2019, 72.10 
,,,5/30/2019, 73.32 
,,,5/31/2019, 68.35 
,,,6/3/2019, 64.90 
,,,6/4/2019, 65.25 
,,,6/5/2019,
,,,6/6/2019, 64.76 
,,,6/7/2019, 66.83 
,,,6/10/2019, 67.59 
,,,6/11/2019, 66.82 
,,,6/12/2019, 66.15 
,,,6/13/2019, 66.03 
,,,6/14/2019, 65.82 
,,,6/17/2019, 65.44 
,,,6/18/2019, 64.56 
,,,6/19/2019, 66.13 
,,,6/20/2019, 67.95 
,,,6/21/2019, 70.20 
,,,6/24/2019, 71.50 
,,,6/25/2019, 69.56 
,,,6/26/2019, 70.92 
,,,6/27/2019, 71.10 
,,,6/28/2019, 71.65 
,,,7/1/2019, 73.45 
,,,7/2/2019, 71.73 
,,,7/3/2019, 70.36 
,,,7/4/2019, 72.16 
,,,7/5/2019, 72.82 
,,,7/8/2019, 73.70 
,,,7/9/2019, 73.00 
,,,7/10/2019, 75.18 
,,,7/11/2019, 78.33 
,,,7/12/2019, 78.60 
,,,7/15/2019, 77.25 
,,,7/16/2019, 76.40 
,,,7/17/2019, 75.01 
,,,7/18/2019, 74.22 
,,,7/19/2019, 73.93 
,,,7/22/2019, 74.03 
,,,7/23/2019, 71.63 
,,,7/24/2019, 71.43 
,,,7/25/2019, 71.67 
,,,7/26/2019, 72.20 
,,,7/29/2019, 71.74 
,,,7/30/2019, 72.72 
,,,7/31/2019, 73.31 
,,,8/1/2019, 72.26 
,,,8/2/2019, 69.11 
,,,8/5/2019, 69.61 
,,,8/6/2019, 69.79 
,,,8/7/2019, 70.37 
,,,8/8/2019, 68.78 
,,,8/9/2019,
,,,8/12/2019,
,,,8/13/2019, 69.82 
,,,8/14/2019, 71.43 
,,,8/15/2019, 70.60 
,,,8/16/2019, 70.36 
,,,8/19/2019, 68.78 
,,,8/20/2019, 69.57 
,,,8/21/2019, 71.23 
,,,8/22/2019, 71.02 
,,,8/23/2019, 69.54 
,,,8/26/2019, 68.82 
,,,8/27/2019, 68.54 
,,,8/28/2019, 69.92 
,,,8/29/2019, 70.85 
,,,8/30/2019, 70.75 
,,,9/2/2019, 68.38 
,,,9/3/2019, 66.09 
,,,9/4/2019, 66.54 
,,,9/5/2019, 68.54 
,,,9/6/2019, 70.07 
,,,9/9/2019, 71.34 
,,,9/10/2019, 72.50 
,,,9/11/2019, 74.54 
,,,9/12/2019, 73.50 
,,,9/13/2019, 73.09 
,,,9/16/2019, 79.69 
,,,9/17/2019, 84.57 
,,,9/18/2019, 79.04 
,,,9/19/2019, 80.45 
,,,9/20/2019, 82.24 
,,,9/23/2019, 79.71 
,,,9/24/2019, 80.51 
,,,9/25/2019, 77.72 
,,,9/26/2019, 72.25 
,,,9/27/2019, 74.83 
,,,9/30/2019, 73.27 
,,,10/1/2019, 72.02 
,,,10/2/2019, 73.00 
,,,10/3/2019, 73.47 
,,,10/4/2019, 75.18 
,,,10/7/2019, 76.77 
,,,10/8/2019, 77.24 
,,,10/9/2019, 78.32 
,,,10/10/2019, 76.31 
,,,10/11/2019, 77.33 
,,,10/14/2019, 76.29 
,,,10/15/2019, 75.72 
,,,10/16/2019, 75.22 
,,,10/17/2019, 74.28 
,,,10/18/2019, 73.33 
,,,10/21/2019, 73.29 
,,,10/22/2019, 71.92 
,,,10/23/2019, 71.58 
,,,10/24/2019, 72.75 
,,,10/25/2019, 72.59 
,,,10/28/2019,
,,,10/29/2019, 70.80 
,,,10/30/2019, 71.27 
,,,10/31/2019, 69.85 
,,,11/1/2019, 70.84 
,,,11/4/2019, 74.13 
,,,11/5/2019, 75.60 
,,,11/6/2019, 76.03 
,,,11/7/2019, 76.68 
,,,11/8/2019, 77.77 
,,,11/11/2019, 78.58 
,,,11/12/2019, 79.47 
,,,11/13/2019, 78.60 
,,,11/14/2019, 76.99 
,,,11/15/2019, 76.48 
,,,11/18/2019, 77.18 
,,,11/19/2019, 76.70 
,,,11/20/2019, 74.96 
,,,11/21/2019, 75.76 
,,,11/22/2019, 76.61 
,,,11/25/2019, 76.17 
,,,11/26/2019, 75.27 
,,,11/27/2019, 76.04 
,,,11/28/2019, 74.77 
,,,11/29/2019, 76.62 
,,,12/2/2019, 74.08 
,,,12/3/2019, 73.45 
,,,12/4/2019, 74.25 
,,,12/5/2019, 75.30 
,,,12/6/2019, 76.13 
,,,12/9/2019, 75.54 
,,,12/10/2019, 74.64 
,,,12/11/2019, 74.52 
,,,12/12/2019, 73.38 
,,,12/13/2019, 73.79 
,,,12/16/2019, 73.73 
,,,12/17/2019, 73.40 
,,,12/18/2019, 73.18 
,,,12/19/2019, 73.78 
,,,12/20/2019, 75.36 
,,,12/23/2019, 75.11 
,,,12/24/2019, 76.24 
,,,12/26/2019, 76.44 
,,,12/27/2019, 77.47 
,,,12/30/2019, 76.20 
,,,12/31/2019, 74.81 
,,,1/2/2020, 73.69 
,,,1/3/2020, 76.14 
,,,1/6/2020, 77.66 
,,,1/7/2020, 75.81 
,,,1/8/2020, 74.99 
,,,1/9/2020, 72.18 
,,,1/10/2020, 73.42 
,,,1/13/2020, 73.06 
,,,1/14/2020, 72.20 
,,,1/15/2020, 71.36 
,,,1/16/2020, 70.95 
,,,1/17/2020, 71.60 
,,,1/20/2020, 71.94 
,,,1/21/2020, 70.30 
,,,1/22/2020, 71.11 
,,,1/23/2020, 69.17 
,,,1/24/2020, 69.41 
,,,1/27/2020,
,,,1/28/2020, 64.13 
,,,1/29/2020, 66.13 
,,,1/30/2020, 65.19 
,,,1/31/2020, 66.27 
,,,2/3/2020, 64.35 
,,,2/4/2020, 64.07 
,,,2/5/2020, 62.74 
,,,2/6/2020, 64.89 
,,,2/7/2020, 65.12 
,,,2/10/2020, 65.41 
,,,2/11/2020, 65.28 
,,,2/12/2020, 65.39 
,,,2/13/2020, 65.74 
,,,2/14/2020, 65.69 
,,,2/17/2020, 66.43 
,,,2/18/2020, 65.05 
,,,2/19/2020, 66.95 
,,,2/20/2020, 68.09 
,,,2/21/2020, 66.59 
,,,2/24/2020, 64.69 
,,,2/25/2020, 65.01 
,,,2/26/2020, 61.97 
,,,2/27/2020, 58.76 
,,,2/28/2020, 56.80 
,,,3/2/2020, 57.66 
,,,3/3/2020, 59.25 
,,,3/4/2020, 58.29 
,,,3/5/2020, 58.67 
,,,3/6/2020, 56.66 
,,,3/9/2020, 44.63 
,,,3/10/2020, 45.15 
,,,3/11/2020, 44.16 
,,,3/12/2020, 40.83 
,,,3/13/2020, 38.20 
,,,3/16/2020, 32.10 
,,,3/17/2020, 30.83 
,,,3/18/2020, 28.70 
,,,3/19/2020, 24.62 
,,,3/20/2020, 29.21 
,,,3/23/2020, 22.33 
,,,3/24/2020, 22.82 
,,,3/25/2020, 21.60 
,,,3/26/2020, 21.90 
,,,3/27/2020, 22.57 
,,,3/30/2020, 19.82 
,,,3/31/2020, 21.84 
,,,4/1/2020, 18.81 
,,,4/2/2020, 21.41 
,,,4/3/2020, 22.46 
,,,4/6/2020, 23.01 
,,,4/7/2020, 23.46 
,,,4/8/2020, 19.81 
,,,4/9/2020, 20.78 
,,,4/13/2020, 17.46 
,,,4/14/2020, 18.73 
,,,4/15/2020, 20.15 
,,,4/16/2020, 22.04 
,,,4/17/2020, 21.50 
,,,4/20/2020, 23.00 
,,,4/21/2020, 17.85 
,,,4/22/2020, 16.12 
,,,4/23/2020, 21.30 
,,,4/24/2020, 18.24 
,,,4/27/2020, 20.69 
,,,4/28/2020, 18.90 
,,,4/29/2020, 21.24 
,,,4/30/2020, 23.92 
,,,5/1/2020,
,,,5/4/2020, 22.90 
,,,5/5/2020, 26.75 
,,,5/6/2020, 29.46 
,,,5/7/2020,
,,,5/8/2020, 30.25 
,,,5/11/2020, 32.20 
,,,5/12/2020, 32.20 
,,,5/13/2020, 30.35 
,,,5/14/2020, 31.68 
,,,5/15/2020, 33.84 
,,,5/18/2020, 36.55 
,,,5/19/2020, 37.65 
,,,5/20/2020, 37.57 
,,,5/21/2020, 38.45 
,,,5/22/2020, 35.76 
,,,5/26/2020, 37.68 
,,,5/27/2020, 36.59 
,,,5/28/2020, 35.62 
,,,5/29/2020, 37.07 
,,,6/1/2020, 39.49 
,,,6/2/2020, 40.80 
,,,6/3/2020, 43.65 
,,,6/4/2020, 42.19 
,,,6/5/2020, 44.71 
,,,6/8/2020, 47.25 
,,,6/9/2020, 45.42 
,,,6/10/2020, 45.60 
,,,6/11/2020, 44.82 
,,,6/12/2020, 42.25 
,,,6/15/2020, 42.57 
,,,6/16/2020, 46.10 
,,,6/17/2020, 48.31 
,,,6/18/2020, 47.95 
,,,6/19/2020, 49.98 
,,,6/22/2020, 48.87 
,,,6/23/2020, 50.49 
,,,6/24/2020, 48.76 
,,,6/25/2020, 44.37 
,,,6/26/2020, 45.59 
,,,6/29/2020, 42.57 
,,,6/30/2020, 45.40 
,,,7/1/2020, 46.50 
,,,7/2/2020, 46.74 
,,,7/3/2020, 47.53 
,,,7/6/2020, 48.84 
,,,7/7/2020, 47.50 
,,,7/8/2020, 47.06 
,,,7/9/2020, 47.97 
,,,7/10/2020,
,,,7/13/2020, 46.72 
,,,7/14/2020, 45.39 
,,,7/15/2020, 47.11 
,,,7/16/2020, 46.81 
,,,7/17/2020, 46.04 
,,,7/20/2020, 45.46 
,,,7/21/2020, 46.38 
,,,7/22/2020, 47.10 
,,,7/23/2020, 47.66 
,,,7/24/2020, 46.40 
,,,7/27/2020, 45.98 
,,,7/28/2020, 45.56 
,,,7/29/2020, 45.57 
,,,7/30/2020, 44.55 
,,,7/31/2020,
,,,8/3/2020, 43.71 
,,,8/4/2020, 45.14 
,,,8/5/2020, 47.06 
,,,8/6/2020, 47.53 
,,,8/7/2020, 48.09 
,,,8/10/2020,
,,,8/11/2020, 48.59 
,,,8/12/2020, 47.98 
,,,8/13/2020, 48.37 
,,,8/14/2020, 48.22 
,,,8/17/2020, 48.66 
,,,8/18/2020, 49.28 
,,,8/19/2020, 48.87 
,,,8/20/2020, 48.45 
,,,8/21/2020, 48.95 
,,,8/24/2020, 48.98 
,,,8/25/2020, 49.55 
,,,8/26/2020, 49.51 
,,,8/27/2020, 49.78 
,,,8/28/2020, 47.81 
,,,8/31/2020, 49.66 
,,,9/1/2020, 47.70 
,,,9/2/2020, 48.59 
,,,9/3/2020, 46.84 
,,,9/4/2020, 47.60 
,,,9/7/2020, 46.58 
,,,9/8/2020, 45.91 
,,,9/9/2020, 44.24 
,,,9/10/2020, 44.80 
,,,9/11/2020, 44.68 
,,,9/14/2020, 45.08 
,,,9/15/2020, 45.80 
,,,9/16/2020, 47.35 
,,,9/17/2020, 48.30 
,,,9/18/2020, 50.38 
,,,9/21/2020, 48.48 
,,,9/22/2020, 47.40 
,,,9/23/2020, 47.68 
,,,9/24/2020, 47.14 
,,,9/25/2020, 48.54 
,,,9/28/2020, 49.10 
,,,9/29/2020, 49.49 
,,,9/30/2020, 47.25 
,,,10/1/2020, 48.71 
,,,10/2/2020, 46.31 
,,,10/5/2020, 46.76 
,,,10/6/2020, 47.78 
,,,10/7/2020, 48.08 
,,,10/8/2020, 48.22 
,,,10/9/2020, 48.15 
,,,10/12/2020, 47.13 
,,,10/13/2020, 46.49 
,,,10/14/2020, 45.54 
,,,10/15/2020, 46.35 
,,,10/16/2020, 46.09 
,,,10/19/2020, 45.56 
,,,10/20/2020, 45.72 
,,,10/21/2020, 46.29 
,,,10/22/2020, 45.39 
,,,10/23/2020, 45.65 
,,,10/26/2020, 44.41 
,,,10/27/2020, 44.33 
,,,10/28/2020, 43.61 
,,,10/29/2020, 42.83 
,,,10/30/2020, 42.04 
,,,11/2/2020, 39.85 
,,,11/3/2020, 43.05 
,,,11/4/2020, 42.99 
,,,11/5/2020, 44.45 
,,,11/6/2020, 44.65 
,,,11/9/2020, 44.57 
,,,11/10/2020, 46.92 
,,,11/11/2020, 48.65 
,,,11/12/2020, 47.46 
,,,11/13/2020, 46.15 
,,,11/16/2020, 46.48 
,,,11/17/2020, 46.28 
,,,11/18/2020, 46.43 
,,,11/19/2020, 46.45 
,,,11/20/2020, 46.82 
,,,11/23/2020, 47.96 
,,,11/24/2020, 48.95 
,,,11/25/2020, 51.16 
,,,11/26/2020, 50.73 
,,,11/27/2020, 50.96 
,,,11/30/2020, 50.25 
,,,12/1/2020, 50.66 
,,,12/2/2020, 49.75 
,,,12/3/2020, 50.48 
,,,12/4/2020, 52.37 
,,,12/7/2020, 50.86 
,,,12/8/2020, 51.13 
,,,12/9/2020, 52.17 
,,,12/10/2020, 52.10 
,,,12/11/2020, 54.18 
,,,12/14/2020, 54.18 
,,,12/15/2020, 53.56 
,,,12/16/2020, 53.54 
,,,12/17/2020, 55.00 
,,,12/18/2020, 55.36 
,,,12/21/2020, 53.86 
,,,12/22/2020, 53.77 
,,,12/23/2020, 53.85 
,,,12/24/2020, 56.17 
,,,12/28/2020, 55.67 
,,,12/29/2020, 55.65 
,,,12/30/2020, 55.69 
,,,12/31/2020, 56.13 
,,,1/4/2021, 57.38 
,,,1/5/2021, 55.50 
,,,1/6/2021, 58.31 
,,,1/7/2021, 59.07 
,,,1/8/2021, 59.82 
,,,1/11/2021, 60.34 
,,,1/12/2021, 61.17 
,,,1/13/2021, 61.78 
,,,1/14/2021, 61.27 
,,,1/15/2021, 60.27 
,,,1/18/2021, 59.37 
,,,1/19/2021, 60.31 
,,,1/20/2021, 61.27 
,,,1/21/2021, 60.47 
,,,1/22/2021, 59.94 
,,,1/25/2021, 60.68 
,,,1/26/2021, 60.76 
,,,1/27/2021, 61.54 
,,,1/28/2021, 60.84 
,,,1/29/2021, 60.78 
,,,2/1/2021, 60.71 
,,,2/2/2021, 62.44 
,,,2/3/2021, 64.13 
,,,2/4/2021, 64.93 
,,,2/5/2021, 65.68 
,,,2/8/2021, 66.26 
,,,2/9/2021, 66.36 
,,,2/10/2021, 65.88 
,,,2/11/2021, 65.59 
,,,2/12/2021,
,,,2/15/2021, 68.17 
,,,2/16/2021, 69.05 
,,,2/17/2021, 69.14 
,,,2/18/2021, 71.21 
,,,2/19/2021, 69.59 
,,,2/22/2021, 70.02 
,,,2/23/2021, 72.11 
,,,2/24/2021, 71.44 
,,,2/25/2021, 73.68 
,,,2/26/2021, 73.11 
,,,3/1/2021, 72.81 
,,,3/2/2021, 69.83 
,,,3/3/2021, 69.95 
,,,3/4/2021, 71.48 
,,,3/5/2021, 74.14 
,,,3/8/2021, 76.39 
,,,3/9/2021, 74.22 
,,,3/10/2021, 73.75 
,,,3/11/2021, 75.46 
,,,3/12/2021, 77.00 
,,,3/15/2021, 78.10 
,,,3/16/2021, 75.94 
,,,3/17/2021, 76.46 
,,,3/18/2021, 74.38 
,,,3/19/2021, 71.58 
,,,3/22/2021, 72.04 
,,,3/23/2021, 71.53 
,,,3/24/2021, 69.89 
,,,3/25/2021, 71.79 
,,,3/26/2021, 71.35 
,,,3/29/2021, 72.66 
,,,3/30/2021, 74.12 
,,,3/31/2021, 74.04 
,,,4/1/2021, 72.82 
,,,4/5/2021, 73.48 
,,,4/6/2021, 72.72 
,,,4/7/2021, 71.76 
,,,4/8/2021, 71.63 
,,,4/9/2021, 71.65 
,,,4/12/2021, 71.69 
,,,4/13/2021, 72.17 
,,,4/14/2021, 73.53 
,,,4/15/2021, 75.31 
,,,4/16/2021, 76.38 
,,,4/19/2021, 76.06 
,,,4/20/2021, 77.06 
,,,4/21/2021, 75.04 
,,,4/22/2021, 73.48 
,,,4/23/2021, 73.92 
,,,4/26/2021, 73.22 
,,,4/27/2021, 73.98 
,,,4/28/2021, 74.62 
,,,4/29/2021, 76.30 
,,,4/30/2021, 76.92 
,,,5/3/2021, 75.40 
,,,5/4/2021, 77.44 
,,,5/5/2021, 78.63 
,,,5/6/2021, 78.14 
,,,5/7/2021, 76.45 
,,,5/10/2021, 76.99 
,,,5/11/2021, 75.40 
,,,5/12/2021, 76.69 
,,,5/13/2021,
,,,5/14/2021, 73.49 
,,,5/17/2021, 75.19 
,,,5/18/2021, 77.44 
,,,5/19/2021, 75.55 
,,,5/20/2021, 75.10 
,,,5/21/2021, 72.70 
,,,5/24/2021, 75.86 
,,,5/25/2021, 76.95 
,,,5/26/2021,
,,,5/27/2021, 76.25 
,,,5/28/2021, 77.46 
,,,5/31/2021, 76.39 
,,,6/1/2021, 76.85 
,,,6/2/2021, 76.97 
,,,6/3/2021, 78.12 
,,,6/4/2021, 78.15 
,,,6/7/2021, 77.89 
,,,6/8/2021, 77.08 
,,,6/9/2021, 79.71 
,,,6/10/2021, 79.05 
,,,6/11/2021, 79.98 
,,,6/14/2021, 80.96 
,,,6/15/2021, 79.74 
,,,6/16/2021, 80.63 
,,,6/17/2021, 80.39 
,,,6/18/2021, 79.38 
,,,6/21/2021, 80.58 
,,,6/22/2021, 81.54 
,,,6/23/2021, 83.20 
,,,6/24/2021, 83.67 
,,,6/25/2021, 83.87 
,,,6/28/2021, 83.29 
,,,6/29/2021, 82.49 
,,,6/30/2021, 83.50 
,,,7/1/2021, 84.95 
,,,7/2/2021, 86.05 
,,,7/5/2021, 87.64 
,,,7/6/2021, 89.51 
,,,7/7/2021, 85.92 
,,,7/8/2021, 82.99 
,,,7/9/2021, 85.89 
,,,7/12/2021, 86.09 
,,,7/13/2021, 86.43 
,,,7/14/2021, 86.60 
,,,7/15/2021, 84.31 
,,,7/16/2021, 84.26 
,,,7/19/2021, 83.35 
,,,7/20/2021,
,,,7/21/2021, 80.12 
,,,7/22/2021, 83.34 
,,,7/23/2021, 84.67 
,,,7/26/2021, 84.46 
,,,7/27/2021, 85.83 
,,,7/28/2021, 85.95 
,,,7/29/2021, 86.21 
,,,7/30/2021, 87.05 
,,,8/2/2021, 85.66 
,,,8/3/2021, 84.27 
,,,8/4/2021, 84.11 
,,,8/5/2021, 81.68 
,,,8/6/2021, 83.31 
,,,8/9/2021,
,,,8/10/2021, 81.99 
,,,8/11/2021, 82.70 
,,,8/12/2021, 82.99 
,,,8/13/2021, 82.26 
,,,8/16/2021, 80.74 
,,,8/17/2021, 79.63 
,,,8/18/2021, 80.12 
,,,8/19/2021, 76.52 
,,,8/20/2021, 75.73 
,,,8/23/2021, 75.57 
,,,8/24/2021, 78.84 
,,,8/25/2021, 80.35 
,,,8/26/2021, 80.69 
,,,8/27/2021, 80.83 
,,,8/30/2021, 80.97 
,,,8/31/2021, 80.92 
,,,9/1/2021, 80.63 
,,,9/2/2021, 80.00 
,,,9/3/2021, 82.81 
,,,9/6/2021, 81.72 
,,,9/7/2021, 81.74 
,,,9/8/2021, 81.12 
,,,9/9/2021, 81.73 
,,,9/10/2021, 81.75 
,,,9/13/2021, 82.73 
,,,9/14/2021, 83.70 
,,,9/15/2021, 84.03 
,,,9/16/2021, 84.58 
,,,9/17/2021, 84.30 
,,,9/20/2021, 83.21 
,,,9/21/2021, 84.24 
,,,9/22/2021, 85.06 
,,,9/23/2021, 85.89 
,,,9/24/2021, 86.94 
,,,9/27/2021, 87.94 
,,,9/28/2021, 88.54 
,,,9/29/2021, 87.09 
,,,9/30/2021, 89.10 
,,,10/1/2021, 88.16 
,,,10/4/2021, 89.65 
,,,10/5/2021, 92.44 
,,,10/6/2021, 94.37 
,,,10/7/2021, 90.48 
,,,10/8/2021, 94.69 
,,,10/11/2021, 96.66 
,,,10/12/2021, 96.79 
,,,10/13/2021, 96.31 
,,,10/14/2021, 98.63 
,,,10/15/2021, 99.95 
,,,10/18/2021, 101.95 
,,,10/19/2021, 101.43 
,,,10/20/2021, 100.00 
,,,10/21/2021, 103.01 
,,,10/22/2021, 102.92 
,,,10/25/2021, 106.58 
,,,10/26/2021, 107.16 
,,,10/27/2021, 105.77 
,,,10/28/2021, 102.10 
,,,10/29/2021, 102.56 
,,,11/1/2021, 102.78 
,,,11/2/2021, 104.61 
,,,11/3/2021, 101.99 
,,,11/4/2021,
,,,11/5/2021, 97.97 
,,,11/8/2021, 100.18 
,,,11/9/2021, 99.09 
,,,11/10/2021, 99.97 
,,,11/11/2021, 97.82 
,,,11/12/2021, 96.40 
,,,11/15/2021, 95.75 
,,,11/16/2021, 96.62 
,,,11/17/2021, 95.32 
,,,11/18/2021, 91.73 
,,,11/19/2021, 93.76 
,,,11/22/2021, 89.02 
,,,11/23/2021, 89.59 
,,,11/24/2021, 92.92 
,,,11/25/2021, 92.26 
,,,11/26/2021, 87.03 
,,,11/29/2021, 85.11 
,,,11/30/2021, 82.55 
,,,12/1/2021, 81.95 
,,,12/2/2021, 81.06 
,,,12/3/2021, 83.00 
,,,12/6/2021, 82.57 
,,,12/7/2021, 86.46 
,,,12/8/2021, 88.36 
,,,12/9/2021, 88.91 
,,,12/10/2021, 89.31 
,,,12/13/2021, 90.93 
,,,12/14/2021, 89.94 
,,,12/15/2021, 87.26 
,,,12/16/2021, 87.52 
,,,12/17/2021, 88.45 
,,,12/20/2021, 84.66 
,,,12/21/2021, 85.84 
,,,12/22/2021, 87.89 
,,,12/23/2021, 89.30 
,,,12/24/2021, 90.40 
,,,12/27/2021,
,,,12/28/2021, 91.50 
,,,12/29/2021, 92.28 
,,,12/30/2021, 92.87 
,,,12/31/2021, 92.71 
,,,1/3/2022, 92.68 
,,,1/4/2022, 93.33 
,,,1/5/2022, 93.25 
,,,1/6/2022, 93.43 
,,,1/7/2022, 94.73 
,,,1/10/2022, 94.63 
,,,1/11/2022, 93.68 
,,,1/12/2022, 95.90 
,,,1/13/2022, 97.37 
,,,1/14/2022, 97.53 
,,,1/17/2022, 98.62 
,,,1/18/2022, 100.48 
,,,1/19/2022, 99.52 
,,,1/20/2022, 99.79 
,,,1/21/2022, 99.06 
,,,1/24/2022, 100.77 
,,,1/25/2022, 99.83 
,,,1/26/2022, 101.85 
,,,1/27/2022, 103.47 
,,,1/28/2022, 104.29 
,,,1/31/2022, 105.40 
,,,2/1/2022,
,,,2/2/2022,
,,,2/3/2022, 106.20 
,,,2/4/2022, 107.54 
,,,2/7/2022, 107.84 
,,,2/8/2022, 107.18 
,,,2/9/2022, 106.73 
,,,2/10/2022, 109.70 
,,,2/11/2022, 109.37 
,,,2/14/2022, 112.72 
,,,2/15/2022, 112.36 
,,,2/16/2022, 111.51 
,,,2/17/2022, 109.73 
,,,2/18/2022, 108.20 
,,,2/21/2022, 109.30 
,,,2/22/2022, 114.63 
,,,2/23/2022, 112.27 
,,,2/24/2022, 117.23 
,,,2/25/2022, 115.61 
,,,2/28/2022, 116.20 
,,,3/1/2022, 117.20 
,,,3/2/2022, 125.54 
,,,3/3/2022, 133.35 
,,,3/4/2022, 127.80 
,,,3/7/2022, 145.88 
,,,3/8/2022, 144.86 
,,,3/9/2022, 153.77 
,,,3/10/2022, 137.60 
,,,3/11/2022, 129.40 
,,,3/14/2022, 129.34 
,,,3/15/2022, 119.66 
,,,3/16/2022, 123.86 
,,,3/17/2022, 123.62 
,,,3/18/2022, 129.17 
,,,3/21/2022, 132.08 
,,,3/22/2022, 133.22 
,,,3/23/2022, 133.41 
,,,3/24/2022, 136.26 
,,,3/25/2022, 129.84 
,,,3/28/2022, 129.70 
,,,3/29/2022, 127.09 
,,,3/30/2022, 127.31 
,,,3/31/2022, 126.04 
,,,4/1/2022, 121.89 
,,,4/4/2022, 123.56 
,,,4/5/2022, 126.33 
,,,4/6/2022, 125.49 
,,,4/7/2022, 121.53 
,,,4/8/2022, 121.62 
,,,4/11/2022, 120.69 
,,,4/12/2022, 118.90 
,,,4/13/2022, 123.51 
,,,4/14/2022, 128.75 
,,,4/18/2022, 132.56 
,,,4/19/2022, 132.19 
,,,4/20/2022, 129.09 
,,,4/21/2022, 131.91 
,,,4/22/2022, 132.14 
,,,4/25/2022, 123.79 
,,,4/26/2022, 126.62 
,,,4/27/2022, 131.42 
,,,4/28/2022, 131.78 
,,,4/29/2022, 134.70 
,,,5/2/2022,
,,,5/3/2022,
,,,5/4/2022, 140.09 
,,,5/5/2022, 142.43 
,,,5/6/2022, 142.43 
,,,5/9/2022, 142.68 
,,,5/10/2022, 137.86 
,,,5/11/2022, 135.11 
,,,5/12/2022, 136.37 
,,,5/13/2022, 143.98 
,,,5/16/2022,
,,,5/17/2022, 150.32 
,,,5/18/2022, 153.84 
,,,5/19/2022, 146.74 
,,,5/20/2022, 157.05 
,,,5/23/2022, 149.88 
,,,5/24/2022, 145.87 
,,,5/25/2022, 147.30 
,,,5/26/2022, 150.62 
,,,5/27/2022, 154.26 
,,,5/30/2022, 158.12 
,,,5/31/2022, 157.58 
,,,6/1/2022, 152.71 
,,,6/2/2022, 148.60 
,,,6/3/2022, 153.59 
,,,6/6/2022, 157.41 
,,,6/7/2022, 154.90 
,,,6/8/2022, 153.74 
,,,6/9/2022, 156.64 
,,,6/10/2022, 160.37 
,,,6/13/2022, 154.78 
,,,6/14/2022, 158.09 
,,,6/15/2022, 158.11 
,,,6/16/2022, 156.77 
,,,6/17/2022, 158.05 
,,,6/20/2022, 151.46 
,,,6/21/2022, 160.86 
,,,6/22/2022, 155.26 
,,,6/23/2022, 152.89 
,,,6/24/2022, 153.40 
,,,6/27/2022, 156.51 
,,,6/28/2022, 155.79 
,,,6/29/2022, 154.51 
,,,6/30/2022, 149.53 
,,,7/1/2022, 145.63 
,,,7/4/2022, 148.63 
,,,7/5/2022, 147.38 
,,,7/6/2022, 129.67 
,,,7/7/2022, 123.12 
,,,7/8/2022, 124.75 
,,,7/11/2022,
,,,7/12/2022, 123.08 
,,,7/13/2022, 118.02 
,,,7/14/2022, 112.90 
,,,7/15/2022, 109.56 
,,,7/18/2022, 115.61 
,,,7/19/2022, 118.27 
,,,7/20/2022, 116.26 
,,,7/21/2022, 110.04 
,,,7/22/2022, 107.21 
,,,7/25/2022, 108.26 
,,,7/26/2022, 117.95 
,,,7/27/2022, 117.65 
,,,7/28/2022, 120.10 
,,,7/29/2022, 119.98 
,,,8/1/2022, 117.08 
,,,8/2/2022, 112.54 
,,,8/3/2022, 113.31 
,,,8/4/2022, 108.98 
,,,8/5/2022, 103.67 
,,,8/8/2022, 106.10 
,,,8/9/2022,
,,,8/10/2022, 107.77 
,,,8/11/2022, 112.12 
,,,8/12/2022, 113.60 
,,,8/15/2022, 111.58 
,,,8/16/2022, 108.98 
,,,8/17/2022, 108.96 
,,,8/18/2022, 112.08 
,,,8/19/2022, 112.82 
,,,8/22/2022, 112.57 
,,,8/23/2022, 114.46 
,,,8/24/2022, 115.71 
,,,8/25/2022, 113.24 
,,,8/26/2022, 111.05 
,,,8/29/2022, 111.01 
,,,8/30/2022, 111.35 
,,,8/31/2022, 100.14 
,,,9/1/2022, 96.16 
,,,9/2/2022, 102.97 
,,,9/5/2022, 104.77 
,,,9/6/2022, 106.00 
,,,9/7/2022, 104.14 
,,,9/8/2022, 98.83 
,,,9/9/2022, 101.67 
,,,9/12/2022, 103.99 
,,,9/13/2022, 106.84 
,,,9/14/2022, 103.79 
,,,9/15/2022, 100.85 
,,,9/16/2022, 91.85 
,,,9/19/2022, 91.39 
,,,9/20/2022, 96.92 
,,,9/21/2022, 98.26 
,,,9/22/2022, 95.65 
,,,9/23/2022, 91.01 
,,,9/26/2022, 87.98 
,,,9/27/2022, 90.00 
,,,9/28/2022, 91.40 
,,,9/29/2022, 93.14 
,,,9/30/2022, 93.67 
,,,10/3/2022, 92.40 
,,,10/4/2022, 89.81 
,,,10/5/2022, 94.03 
,,,10/6/2022, 95.31 
,,,10/7/2022, 96.75 
,,,10/10/2022, 97.11 
,,,10/11/2022, 94.47 
,,,10/12/2022, 95.79 
,,,10/13/2022, 94.69 
,,,10/14/2022, 95.58 
,,,10/17/2022, 94.06 
,,,10/18/2022, 94.79 
,,,10/19/2022, 92.75 
,,,10/20/2022, 96.51 
,,,10/21/2022, 96.92 
,,,10/24/2022,
,,,10/25/2022, 95.72 
,,,10/26/2022, 93.46 
,,,10/27/2022, 96.01 
,,,10/28/2022, 97.59 
,,,10/31/2022, 93.99 
,,,11/1/2022, 95.76 
,,,11/2/2022, 98.03 
,,,11/3/2022, 100.31 
,,,11/4/2022, 105.43 
,,,11/7/2022, 106.48 
,,,11/8/2022, 104.39 
,,,11/9/2022, 100.73 
,,,11/10/2022, 98.47 
,,,11/11/2022, 102.32 
,,,11/14/2022, 103.69 
,,,11/15/2022, 100.19 
,,,11/16/2022, 100.84 
,,,11/17/2022, 99.87 
,,,11/18/2022, 97.81 
,,,11/21/2022, 96.47 
,,,11/22/2022, 98.05 
,,,11/23/2022, 98.13 
,,,11/24/2022, 94.00 
,,,11/25/2022, 94.68 
,,,11/28/2022, 89.04 
,,,11/29/2022, 90.34 
,,,11/30/2022, 91.01 
,,,12/1/2022, 92.63 
,,,12/2/2022, 91.04 
,,,12/5/2022, 91.30 
,,,12/6/2022, 89.25 
,,,12/7/2022, 86.69 
,,,12/8/2022, 84.84 
,,,12/9/2022, 83.33 
,,,12/12/2022, 82.74 
,,,12/13/2022, 88.19 
,,,12/14/2022, 89.34 
,,,12/15/2022, 89.72 
,,,12/16/2022, 87.42 
,,,12/19/2022, 86.23 
,,,12/20/2022, 87.05 
,,,12/21/2022, 88.49 
,,,12/22/2022, 90.75 
,,,12/23/2022, 91.19 
,,,12/27/2022, 94.32 
,,,12/28/2022, 94.41 
,,,12/29/2022, 93.10 
,,,12/30/2022, 95.33 
,,,1/3/2023, 97.57 
,,,1/4/2023, 91.37 
,,,1/5/2023, 89.50 
,,,1/6/2023, 89.96 
,,,1/9/2023, 91.95 
,,,1/10/2023, 91.78 
,,,1/11/2023, 92.88 
,,,1/12/2023, 96.44 
,,,1/13/2023, 98.49 
,,,1/16/2023, 100.22 
,,,1/17/2023, 99.53 
,,,1/18/2023, 104.42 
,,,1/19/2023, 102.68 
,,,1/20/2023, 108.41 
,,,1/23/2023,
,,,1/24/2023,
,,,1/25/2023, 108.49 
,,,1/26/2023, 106.44 
,,,1/27/2023, 106.96 
,,,1/30/2023, 103.02 
,,,1/31/2023, 100.82 
,,,2/1/2023, 101.96 
,,,2/2/2023, 99.11 
,,,2/3/2023, 98.40 
,,,2/6/2023, 95.36 
,,,2/7/2023, 99.82 
,,,2/8/2023, 101.46 
,,,2/9/2023, 101.67 
,,,2/10/2023, 100.75 
,,,2/13/2023, 101.39 
,,,2/14/2023, 102.27 
,,,2/15/2023, 100.25 
,,,2/16/2023, 101.81 
,,,2/17/2023, 97.23 
,,,2/20/2023, 98.71 
,,,2/21/2023, 99.88 
,,,2/22/2023, 98.35 
,,,2/23/2023, 95.63 
,,,2/24/2023, 98.38 
,,,2/27/2023, 97.95 
,,,2/28/2023, 97.38 
,,,3/1/2023, 99.58 
,,,3/2/2023, 98.32 
,,,3/3/2023, 99.52 
,,,3/6/2023, 102.46 
,,,3/7/2023, 103.32 
,,,3/8/2023, 100.25 
,,,3/9/2023, 100.42 
,,,3/10/2023, 98.15 
,,,3/13/2023, 100.82 
,,,3/14/2023, 99.50 
,,,3/15/2023, 100.58 
,,,3/16/2023, 93.04 
,,,3/17/2023, 94.51 
,,,3/20/2023, 90.62 
,,,3/21/2023, 94.83 
,,,3/22/2023, 95.36 
,,,3/23/2023, 98.36 
,,,3/24/2023, 99.47 
,,,3/27/2023, 98.43 
,,,3/28/2023, 100.76 
,,,3/29/2023, 100.89 
,,,3/30/2023, 98.70 
,,,3/31/2023, 97.85 
,,,4/3/2023, 104.44 
,,,4/4/2023, 104.98 
,,,4/5/2023, 104.30 
,,,4/6/2023, 104.85 
,,,4/10/2023, 104.79 
,,,4/11/2023, 104.60 
,,,4/12/2023, 103.61 
,,,4/13/2023, 103.73 
,,,4/14/2023, 104.05 
,,,4/17/2023, 102.26 
,,,4/18/2023, 100.71 
,,,4/19/2023, 99.64 
,,,4/20/2023, 96.41 
,,,4/21/2023, 95.76 
,,,4/24/2023, 95.41 
,,,4/25/2023, 97.58 
,,,4/26/2023, 93.87 
,,,4/27/2023, 92.11 
,,,4/28/2023, 91.86 
,,,5/1/2023,
,,,5/2/2023, 92.67 
,,,5/3/2023, 87.43 
,,,5/4/2023, 85.19 
,,,5/5/2023, 86.24 
,,,5/8/2023, 88.68 
,,,5/9/2023, 87.67 
,,,5/10/2023, 89.05 
,,,5/11/2023, 90.33 
,,,5/12/2023, 88.01 
,,,5/15/2023, 87.27 
,,,5/16/2023, 88.34 
,,,5/17/2023, 88.17 
,,,5/18/2023, 92.14 
,,,5/19/2023, 93.17 
,,,5/22/2023, 91.98 
,,,5/23/2023, 92.43 
,,,5/24/2023, 94.20 
,,,5/25/2023, 93.99 
,,,5/26/2023, 92.33 
,,,5/29/2023, 92.78 
,,,5/30/2023, 92.01 
,,,5/31/2023, 89.74 
,,,6/1/2023, 89.74 
,,,6/2/2023,
,,,6/5/2023, 94.33 
,,,6/6/2023, 92.11 
,,,6/7/2023, 92.57 
,,,6/8/2023, 94.97 
,,,6/9/2023, 95.08 
,,,6/12/2023, 93.07 
,,,6/13/2023, 90.83 
,,,6/14/2023, 92.71 
,,,6/15/2023, 92.62 
,,,6/16/2023, 95.57 
,,,6/19/2023, 94.77 
,,,6/20/2023, 93.64 
,,,6/21/2023, 93.33 
,,,6/22/2023, 93.35 
,,,6/23/2023, 90.68 
,,,6/26/2023, 90.19 
,,,6/27/2023, 91.06 
,,,6/28/2023, 89.98 
,,,6/29/2023,
,,,6/30/2023, 92.58 
,,,7/3/2023, 91.82 
,,,7/4/2023, 90.60 
,,,7/5/2023, 90.00 
,,,7/6/2023, 90.75 
,,,7/7/2023, 93.61 
,,,7/10/2023, 93.33 
,,,7/11/2023, 95.24 
,,,7/12/2023, 96.85 
,,,7/13/2023, 98.61 
,,,7/14/2023, 99.69 
,,,7/17/2023, 98.33 
,,,7/18/2023, 100.17 
,,,7/19/2023, 100.25 
,,,7/20/2023, 102.22 
,,,7/21/2023, 103.58 
,,,7/24/2023, 105.23 
,,,7/25/2023, 104.95 
,,,7/26/2023, 104.23 
,,,7/27/2023, 106.11 
,,,7/28/2023, 106.44 
,,,7/31/2023, 106.83 
,,,8/1/2023, 107.68 
,,,8/2/2023, 105.24 
,,,8/3/2023, 100.79 
,,,8/4/2023, 103.37 
,,,8/7/2023, 104.60 
,,,8/8/2023, 104.52 
,,,8/9/2023,
,,,8/10/2023, 110.59 
,,,8/11/2023, 109.20 
,,,8/14/2023, 110.18 
,,,8/15/2023, 109.11 
,,,8/16/2023, 108.01 
,,,8/17/2023, 107.28 
,,,8/18/2023, 106.52 
,,,8/21/2023, 107.43 
,,,8/22/2023, 107.66 
,,,8/23/2023, 109.25 
,,,8/24/2023, 109.29 
,,,8/25/2023, 111.48 
,,,8/28/2023, 110.73 
,,,8/29/2023, 109.27 
,,,8/30/2023, 108.60 
,,,8/31/2023, 107.85 
,,,9/1/2023,
,,,9/4/2023, 109.70 
,,,9/5/2023, 108.82 
,,,9/6/2023, 107.37 
,,,9/7/2023, 109.30 
,,,9/8/2023, 110.30 
,,,9/11/2023, 110.81 
,,,9/12/2023, 111.73 
,,,9/13/2023, 113.59 
,,,9/14/2023, 115.33 
,,,9/15/2023, 118.27 
,,,9/18/2023, 116.94 
,,,9/19/2023, 114.16 
,,,9/20/2023, 111.39 
,,,9/21/2023, 109.00 
,,,9/22/2023, 109.24 
,,,9/25/2023, 107.55 
,,,9/26/2023, 105.49 
,,,9/27/2023, 106.44 
,,,9/28/2023, 106.97 
,,,9/29/2023, 103.14 
,,,10/2/2023, 100.25 
,,,10/3/2023, 99.10 
,,,10/4/2023, 96.25 
,,,10/5/2023, 94.03 
,,,10/6/2023, 94.04 
,,,10/9/2023, 97.89 
,,,10/10/2023, 97.59 
,,,10/11/2023, 98.30 
,,,10/12/2023, 97.17 
,,,10/13/2023, 97.73 
,,,10/16/2023, 98.53 
,,,10/17/2023, 98.31 
,,,10/18/2023, 100.47 
,,,10/19/2023, 99.99 
,,,10/20/2023, 101.08 
,,,10/23/2023, 101.59 
,,,10/24/2023, 100.67 
,,,10/25/2023, 100.31 
,,,10/26/2023, 101.54 
,,,10/27/2023, 102.52 
,,,10/30/2023, 100.61 
,,,10/31/2023, 98.40 
,,,11/1/2023, 98.91 
,,,11/2/2023, 99.40 
,,,11/3/2023, 101.13 
,,,11/6/2023, 100.53 
,,,11/7/2023, 98.68 
,,,11/8/2023, 98.37 
,,,11/9/2023, 97.12 
,,,11/10/2023, 99.49 
,,,11/13/2023,
,,,11/14/2023, 100.93 
,,,11/15/2023, 99.07 
,,,11/16/2023, 97.41 
,,,11/17/2023, 92.67 
,,,11/20/2023, 95.93 
,,,11/21/2023, 97.03 
,,,11/22/2023, 97.80 
,,,11/23/2023, 97.46 
,,,11/24/2023, 97.30 
,,,11/27/2023, 95.87 
,,,11/28/2023, 97.35 
,,,11/29/2023, 97.57 
,,,11/30/2023, 99.12 
,,,12/1/2023, 94.35 
,,,12/4/2023, 91.52 
,,,12/5/2023, 91.34 
,,,12/6/2023, 90.84 
,,,12/7/2023, 88.61 
,,,12/8/2023, 88.92 
,,,12/11/2023, 89.36 
,,,12/12/2023, 89.49 
,,,12/13/2023, 86.34 
,,,12/14/2023, 89.61 
,,,12/15/2023, 92.40 
,,,12/18/2023, 92.11 
,,,12/19/2023, 92.98 
,,,12/20/2023, 94.65 
,,,12/21/2023, 92.19 
,,,12/22/2023, 92.07 
,,,12/26/2023, 91.46 
,,,12/27/2023, 93.65 
,,,12/28/2023, 92.76 
,,,12/29/2023, 91.63 
,,,1/2/2024, 91.02 
,,,1/3/2024, 89.52 
,,,1/4/2024, 93.42 
,,,1/5/2024, 91.45 
,,,1/8/2024, 90.91 
,,,1/9/2024, 89.32 
,,,1/10/2024, 91.68 
,,,1/11/2024, 91.48 
,,,1/12/2024, 95.45 
,,,1/15/2024, 94.05 
,,,1/16/2024, 94.90 
,,,1/17/2024, 93.09 
,,,1/18/2024, 95.56 
,,,1/19/2024, 97.74 
,,,1/22/2024, 97.16 
,,,1/23/2024, 101.07 
,,,1/24/2024, 100.72 
,,,1/25/2024, 101.96 
,,,1/26/2024, 102.80 
,,,1/29/2024, 105.17 
,,,1/30/2024, 101.74 
,,,1/31/2024, 101.30 
,,,2/1/2024, 100.01 
,,,2/2/2024, 98.45 
,,,2/5/2024, 97.00 
,,,2/6/2024, 98.21 
,,,2/7/2024, 98.09 
,,,2/8/2024, 99.61 
,,,2/9/2024, 101.05 
,,,2/12/2024,
,,,2/13/2024, 102.91 
,,,2/14/2024, 103.66 
,,,2/15/2024, 99.92 
,,,2/16/2024, 100.76 
,,,2/19/2024, 100.24 
,,,2/20/2024, 99.02 
,,,2/21/2024, 98.60 
,,,2/22/2024, 100.78 
,,,2/23/2024, 101.23 
,,,2/26/2024, 99.18 
,,,2/27/2024, 101.65 
,,,2/28/2024, 102.04 
,,,2/29/2024, 100.80 
,,,3/1/2024, 99.03 
,,,3/4/2024, 98.26 
,,,3/5/2024, 98.94 
,,,3/6/2024, 97.08 
,,,3/7/2024, 98.14 
,,,3/8/2024, 99.79 
,,,3/11/2024, 98.19 
,,,3/12/2024, 99.19 
,,,3/13/2024, 98.51 
,,,3/14/2024, 99.80 
,,,3/15/2024, 100.94 
,,,3/18/2024, 103.56 
,,,3/19/2024, 103.30 
,,,3/20/2024, 104.40 
,,,3/21/2024, 104.78 
,,,3/22/2024, 105.55 
,,,3/25/2024, 105.67 
,,,3/26/2024, 105.19 
,,,3/27/2024, 103.90 
,,,3/28/2024, 104.58 
,,,4/1/2024, 106.58 
,,,4/2/2024, 106.91 
,,,4/3/2024, 107.09 
,,,4/4/2024, 106.36 
,,,4/5/2024, 107.02 
,,,4/8/2024, 106.27 
,,,4/9/2024, 106.43 
,,,4/10/2024,
,,,4/11/2024, 107.79 
,,,4/12/2024, 108.62 
,,,4/15/2024, 107.89 
,,,4/16/2024, 108.46 
,,,4/17/2024, 108.41 
,,,4/18/2024, 105.32 
,,,4/19/2024, 105.41 
,,,4/22/2024, 104.36 
,,,4/23/2024, 104.94 
,,,4/24/2024, 105.05 
,,,4/25/2024, 105.56 
,,,4/26/2024, 106.10 
,,,4/29/2024, 106.05 
,,,4/30/2024, 105.30 
,,,5/1/2024,
,,,5/2/2024, 100.51 
,,,5/3/2024, 98.84 
,,,5/6/2024, 98.20 
,,,5/7/2024, 98.51 
,,,5/8/2024, 95.84 
,,,5/9/2024, 96.86 
,,,5/10/2024, 97.03 
,,,5/13/2024, 96.40 
,,,5/14/2024, 95.49 
,,,5/15/2024, 94.93 
,,,5/16/2024, 96.38 
,,,5/17/2024, 97.35 
,,,5/20/2024, 97.43 
,,,5/21/2024, 95.40 
,,,5/22/2024,
,,,5/23/2024, 93.75 
,,,5/24/2024, 92.47 
,,,5/27/2024, 92.46 
,,,5/28/2024, 92.45 
,,,5/29/2024, 93.52 
,,,5/30/2024, 90.86 
,,,5/31/2024, 90.78 
,,,6/3/2024, 91.38 
,,,6/4/2024, 88.04 
,,,6/5/2024, 89.43 
,,,6/6/2024, 89.87 
,,,6/7/2024, 91.12 
,,,6/10/2024, 91.67 
,,,6/11/2024, 92.62 
,,,6/12/2024, 92.14 
,,,6/13/2024, 91.15 
,,,6/14/2024, 91.78 
,,,6/17/2024,
,,,6/18/2024, 93.26 
,,,6/19/2024, 94.52 
,,,6/20/2024, 94.85 
,,,6/21/2024, 95.95 
,,,6/24/2024, 95.52 
,,,6/25/2024, 95.57 
,,,6/26/2024, 95.65 
,,,6/27/2024, 96.51 
,,,6/28/2024, 97.45 
,,,7/1/2024, 97.87 
,,,7/2/2024, 99.67 
,,,7/3/2024, 99.30 
,,,7/4/2024, 99.01 
,,,7/5/2024, 99.01 
,,,7/8/2024, 98.17 
,,,7/9/2024, 97.03 
,,,7/10/2024, 95.60 
,,,7/11/2024, 96.48 
,,,7/12/2024, 98.50 
,,,7/15/2024, 97.85 
,,,7/16/2024, 96.55 
,,,7/17/2024, 96.37 
,,,7/18/2024, 97.64 
,,,7/19/2024, 96.84 
,,,7/22/2024, 95.04 
,,,7/23/2024, 94.99 
,,,7/24/2024, 93.51 
,,,7/25/2024, 94.15 
,,,7/26/2024, 95.36 
,,,7/29/2024, 95.11 
,,,7/30/2024, 93.01 
,,,7/31/2024, 93.39 
,,,8/1/2024, 93.51 
,,,8/2/2024, 92.86 
,,,8/5/2024, 87.55 
,,,8/6/2024, 87.23 
,,,8/7/2024, 87.30 
,,,8/8/2024, 89.62 
,,,8/9/2024,
,,,8/12/2024, 91.37 
,,,8/13/2024, 91.98 
,,,8/14/2024, 90.60 
,,,8/15/2024, 88.66 
,,,8/16/2024, 90.15 
,,,8/19/2024, 88.79 
,,,8/20/2024, 87.02 
,,,8/21/2024, 87.66 
,,,8/22/2024, 85.72 
,,,8/23/2024, 87.27 
,,,8/26/2024, 89.06 
,,,8/27/2024, 89.58 
,,,8/28/2024, 86.67 
,,,8/29/2024, 86.07 
,,,8/30/2024, 89.03 
,,,9/2/2024, 86.59 
,,,9/3/2024, 87.90 
,,,9/4/2024, 81.98 
,,,9/5/2024, 80.92 
,,,9/6/2024, 80.78 
,,,9/9/2024, 81.59 
,,,9/10/2024, 80.21 
,,,9/11/2024, 79.47 
,,,9/12/2024, 80.35 
,,,9/13/2024, 80.31 
,,,9/16/2024, 80.46 
,,,9/17/2024, 82.54 
,,,9/18/2024, 83.86 
,,,9/19/2024, 86.33 
,,,9/20/2024, 85.86 
,,,9/23/2024, 85.82 
,,,9/24/2024, 85.14 
,,,9/25/2024, 84.78 
,,,9/26/2024, 81.86 
,,,9/27/2024, 81.67 
,,,9/30/2024, 81.60 
,,,10/1/2024, 79.71 
,,,10/2/2024, 84.21 
,,,10/3/2024, 84.86 
,,,10/4/2024, 88.97 
,,,10/7/2024, 88.88 
,,,10/8/2024, 90.15 
,,,10/9/2024, 88.50 
,,,10/10/2024, 88.37 
,,,10/11/2024, 89.88 
,,,10/14/2024, 89.17 
,,,10/15/2024, 84.88 
,,,10/16/2024, 84.95 
,,,10/17/2024, 85.98 
,,,10/18/2024, 87.47 
,,,10/21/2024, 85.80 
,,,10/22/2024, 84.73 
,,,10/23/2024, 85.75 
,,,10/24/2024, 85.97 
,,,10/25/2024, 84.63 
,,,10/28/2024, 82.69 
,,,10/29/2024, 82.16 
,,,10/30/2024, 82.79 
,,,10/31/2024,
,,,11/1/2024, 84.91 
,,,11/4/2024, 85.84 
,,,11/5/2024, 86.73 
,,,11/6/2024, 84.52 
,,,11/7/2024, 85.19 
,,,11/8/2024, 85.81 
,,,11/11/2024, 84.45 
,,,11/12/2024, 82.87 
,,,11/13/2024, 82.32 
,,,11/14/2024, 82.48 
,,,11/15/2024, 82.19 
,,,11/18/2024, 83.44 
,,,11/19/2024, 84.69 
,,,11/20/2024, 85.43 
,,,11/21/2024, 85.13 
,,,11/22/2024, 86.07 
,,,11/25/2024, 86.12 
,,,11/26/2024, 84.78 
,,,11/27/2024, 84.71 
,,,11/28/2024, 83.13 
,,,11/29/2024, 83.87 
,,,12/2/2024, 83.60 
,,,12/3/2024, 83.69 
,,,12/4/2024, 85.39 
,,,12/5/2024, 84.16 
,,,12/6/2024, 83.27 
,,,12/9/2024, 83.41 
,,,12/10/2024, 84.31 
,,,12/11/2024, 85.42 
,,,12/12/2024, 86.79 
,,,12/13/2024, 86.87 
,,,12/16/2024, 86.48 
,,,12/17/2024, 85.54 
,,,12/18/2024, 85.40 
,,,12/19/2024, 84.00 
,,,12/20/2024, 83.06 
,,,12/23/2024, 83.86 
,,,12/24/2024, 83.77 
,,,12/26/2024, 84.46 
,,,12/27/2024, 84.02 
,,,12/30/2024, 84.54 
,,,12/31/2024, 85.40 
,,,1/2/2025, 85.92 
,,,1/3/2025, 86.22 
,,,1/6/2025, 86.09 
,,,1/7/2025, 85.84 
,,,1/8/2025, 85.89 
,,,1/9/2025, 84.21 
,,,1/10/2025, 85.86 
,,,1/13/2025, 89.09 
,,,1/14/2025, 88.44 
BACH HO,PCAHY00,,1/15/2025, 88.10 
DUBAI,PCAAT00,,1/16/2025, 88.92 
WTI,PCACG00,,1/17/2025, 87.72 
BRENT M1,PCAAQ00,,1/20/2025, 86.93 
BRENT DTD,PCAAS00,,1/21/2025, 85.82 
MGO 0.5,AMFSA00,,1/22/2025, 85.75 
FO 380,PPXDK00,,1/23/2025, 86.31 
FO 180,PUADV00,,1/24/2025, 86.31 
DO 500PPM,AAFEX00,,1/27/2025, 87.49 
DO 50PPM,AAPPF00,,1/28/2025, 87.02 
DO 10PPM,AAOVC00,,1/29/2025,
KERO,PJABF00,,1/30/2025,
NAPHTHA,PAAAP00,,1/31/2025, 87.06 
MG92,PGAEY00,,2/3/2025, 87.84 
MG95,PGAEZ00,,2/4/2025, 84.87 
MG97,PGAMS00,,2/5/2025, 85.97 
Product,Code,,2/6/2025, 84.77 
,,,2/7/2025, 85.49 
,,,2/10/2025, 86.48 
,,,2/11/2025, 87.44 
,,,2/12/2025, 87.69 
,,,2/13/2025, 86.03 
,,,2/14/2025, 86.95 
,,,2/17/2025, 87.68 
,,,2/18/2025, 87.99 
,,,2/19/2025, 88.43 
,,,2/20/2025, 88.11 
,,,2/21/2025, 86.91 
,,,2/24/2025, 85.82 
,,,2/25/2025, 86.01 
,,,2/26/2025, 83.78 
,,,2/27/2025, 83.41 
,,,2/28/2025, 84.34 
,,,3/3/2025, 83.79 
,,,3/4/2025, 80.03 
,,,3/5/2025, 79.94 
,,,3/6/2025, 78.59 
,,,3/7/2025, 78.69 
,,,3/10/2025, 78.55 
,,,3/11/2025, 77.98 
,,,3/12/2025, 79.15 
,,,3/13/2025, 80.46 
,,,3/14/2025, 80.05 
,,,3/17/2025, 81.04 
,,,3/18/2025, 81.95 
,,,3/19/2025, 80.27 
,,,3/20/2025, 80.97 
,,,3/21/2025, 81.90 
,,,3/24/2025, 82.07 
,,,3/25/2025, 83.15 
,,,3/26/2025, 83.45 
,,,3/27/2025, 83.88 
,,,3/28/2025, 84.10 
,,,3/31/2025,
,,,4/1/2025, 85.57 
,,,4/2/2025, 85.91 
,,,4/3/2025, 83.12 
,,,4/4/2025, 77.52 
,,,4/7/2025, 72.28 
,,,4/8/2025, 73.41 
,,,4/9/2025, 70.34 
,,,4/10/2025, 72.44 
,,,4/11/2025, 71.93 
,,,4/14/2025, 74.29 
,,,4/15/2025, 74.65 
,,,4/16/2025, 75.04 
,,,4/17/2025, 76.74 
,,,4/21/2025, 76.84 
,,,4/22/2025, 77.15 
,,,4/23/2025, 78.76 
,,,4/24/2025, 77.62 
,,,4/25/2025, 78.45 
,,,4/25/2025, 78.45 
,,,4/28/2025, 78.17 
,,,4/29/2025, 76.83 
,,,4/30/2025, 74.78 
,,,5/1/2025,
,,,5/2/2025, 75.24 
,,,5/5/2025, 73.10 
,,,5/6/2025, 74.97 
,,,5/7/2025, 76.52 
,,,5/8/2025, 74.88 
,,,5/9/2025, 76.72 
,,,5/12/2025,
,,,5/13/2025, 77.69 
,,,5/14/2025, 78.68 
,,,5/15/2025, 76.57 
,,,5/16/2025, 76.60 
,,,5/19/2025, 76.59 
,,,5/20/2025, 76.33 
,,,5/21/2025, 77.54 
,,,5/22/2025, 77.12 
,,,5/23/2025, 76.75 
,,,5/26/2025, 77.26 
,,,5/27/2025, 76.86 
,,,5/28/2025, 76.50 
,,,5/29/2025, 77.40 
,,,5/30/2025, 76.02 
,,,6/2/2025, 77.31 
,,,6/3/2025, 77.70 
,,,6/4/2025, 78.10 
,,,6/5/2025, 77.06 
,,,6/6/2025, 77.44 
,,,6/9/2025, 78.69 
,,,6/10/2025, 80.06 
,,,6/11/2025, 80.07 
,,,6/12/2025, 81.75 
,,,6/13/2025, 85.44 
,,,6/16/2025, 85.14 
,,,6/17/2025, 85.82 
,,,6/18/2025, 87.49 
,,,6/19/2025, 88.68 
,,,6/20/2025, 89.81 
,,,6/23/2025, 89.27 
,,,6/24/2025, 82.55 
,,,6/25/2025, 81.10 
,,,6/26/2025, 79.86 
,,,6/27/2025, 79.59 
,,,6/30/2025, 79.20 
,,,7/1/2025, 79.36 
,,,7/2/2025, 80.10 
,,,7/3/2025, 80.19 
,,,7/4/2025, 80.68 
,,,7/7/2025, 80.11 
,,,7/8/2025, 79.99 
,,,7/9/2025, 81.39 
,,,7/10/2025, 80.30 
,,,7/11/2025, 79.29 
,,,7/14/2025, 80.84 
,,,7/15/2025, 78.87 
,,,7/16/2025, 79.20 
,,,7/17/2025, 79.08 
,,,7/18/2025, 79.42 
,,,7/21/2025, 78.69 
,,,7/22/2025, 78.08 
,,,7/23/2025, 77.26 
,,,7/24/2025, 78.14 
,,,7/25/2025, 78.22 
,,,7/28/2025, 77.92 
,,,7/29/2025, 79.49 
,,,7/30/2025, 81.72 
,,,7/31/2025, 82.40 
,,,8/1/2025, 81.46 
,,,8/4/2025, 79.18 
,,,8/5/2025, 79.02 
,,,8/6/2025, 78.93 
,,,8/7/2025, 77.92 
,,,8/8/2025, 78.60 
,,,8/11/2025, 79.23 
,,,8/12/2025, 80.53 
,,,8/13/2025, 79.43 
,,,8/14/2025, 79.84 
,,,8/15/2025, 80.60 
,,,8/18/2025, 79.42 
,,,8/19/2025, 79.65 
,,,8/20/2025, 80.77 
,,,8/21/2025, 81.77 
,,,8/22/2025, 82.69 
,,,8/25/2025, 81.54 
,,,8/26/2025, 81.12 
,,,8/27/2025, 79.35 
,,,8/28/2025, 80.24 
,,,8/29/2025, 81.37 
,,,9/1/2025, 81.25 
,,,9/2/2025, 82.72 
,,,9/3/2025, 82.95 
,,,9/4/2025, 81.45 
,,,9/5/2025, 81.60 
,,,9/8/2025, 81.23 
,,,9/9/2025, 81.58 
,,,9/10/2025, 81.84 
,,,9/11/2025, 82.05 
,,,9/12/2025, 81.40 
,,,9/15/2025, 83.32 
,,,9/16/2025, 83.40 
,,,9/17/2025, 83.21 
,,,9/18/2025, 82.22 
,,,9/19/2025, 80.89 
,,,9/22/2025, 79.80 
,,,9/23/2025, 79.23 
,,,9/24/2025, 80.23 
,,,9/25/2025, 81.05 
,,,9/26/2025, 81.84 
,,,9/29/2025, 81.78 
,,,9/30/2025, 79.20 
,,,10/1/2025, 79.57 
,,,10/2/2025, 78.13 
,,,10/3/2025, 77.05 
,,,10/6/2025, 78.05 
,,,10/7/2025, 78.93 
,,,10/8/2025, 79.45 
,,,10/9/2025, 80.30 
,,,10/10/2025, 79.46 
,,,10/13/2025, 78.69 
,,,10/14/2025, 78.36 
,,,10/15/2025, 78.50 
,,,10/16/2025, 78.98 
,,,10/17/2025, 77.59 
,,,10/20/2025,
,,,10/21/2025, 77.65 
,,,10/22/2025, 78.59 
,,,10/23/2025, 81.10 
,,,10/24/2025, 82.82 
,,,10/27/2025, 82.51 
,,,10/28/2025, 82.08 
,,,10/29/2025, 82.28 
,,,10/30/2025, 82.62 
,,,10/31/2025, 81.78 
,,,11/3/2025, 82.63 
,,,11/4/2025, 81.13 
,,,11/5/2025, 80.80 
,,,11/6/2025, 81.25 
,,,11/7/2025, 81.88 
,,,11/10/2025, 82.80 
,,,11/11/2025, 83.15 
,,,11/12/2025, 83.79 
,,,11/13/2025, 81.53 
,,,11/14/2025, 83.15 
,,,11/17/2025, 83.32 
,,,11/18/2025, 82.73 
,,,11/19/2025, 81.03 
,,,11/20/2025, 79.42 
,,,11/21/2025, 79.01 
,,,11/24/2025, 78.93 
,,,11/25/2025, 79.26 
,,,11/26/2025, 81.16 
,,,11/27/2025, 81.44 
,,,11/28/2025, 81.86 
,,,12/1/2025, 82.51 
,,,12/2/2025, 82.55 
,,,12/3/2025, 80.80 
,,,12/4/2025, 80.04 
,,,12/5/2025, 79.94 
,,,12/8/2025, 80.60 
,,,12/9/2025, 79.45 
,,,12/10/2025, 79.42 
,,,12/11/2025, 79.63 
,,,12/12/2025, 79.25 
,,,12/15/2025, 78.52 
,,,12/16/2025, 75.72 
,,,12/17/2025, 74.53 
,,,12/18/2025, 74.63 
,,,12/19/2025, 73.56 
,,,12/22/2025, 74.61 
,,,12/23/2025, 74.56 
,,,12/24/2025, 74.49 
,,,12/25/2025,
,,,12/26/2025, 74.54 
,,,12/29/2025, 73.60 
,,,12/30/2025, 73.80 
,,,12/31/2025, 73.81 
,,,1/1/2026,
,,,1/2/2026, 72.58 
,,,1/5/2026, 71.36 
,,,1/6/2026, 72.57 
,,,1/7/2026, 70.58 
,,,1/8/2026, 71.16 
,,,1/9/2026, 73.03 
,,,1/12/2026, 72.90 
,,,1/13/2026, 73.45 
,,,1/14/2026, 73.42 
,,,1/15/2026, 72.55 
,,,1/16/2026, 71.76 
,,,1/19/2026, 71.95 
,,,1/20/2026, 72.36 
,,,1/21/2026, 73.22 
,,,1/22/2026, 73.64 
,,,1/23/2026, 73.50 
,,,1/26/2026, 73.88 
,,,1/27/2026, 72.35 
,,,1/28/2026, 74.54 
,,,1/29/2026, 75.75 
,,,1/30/2026, 75.44 
,,,2/2/2026, 72.54 
,,,2/3/2026, 72.82 
,,,2/4/2026, 74.68 
,,,2/5/2026, 75.06 
,,,2/6/2026, 75.24 
,,,2/9/2026, 76.56 
,,,2/10/2026, 78.41 
,,,2/11/2026, 77.63 
,,,2/12/2026, 77.16 
,,,2/13/2026, 73.85 
,,,2/16/2026, 73.80 
,,,2/19/2026, 78.09 
,,,2/20/2026, 79.95 
